1,-26,-36,-42,37,-15,-47,7,-14,46,-3,43,42,-24,-26,-43,47,36,-18,41,-12,30,-46,-28,45,46,0,10,-39,-29,28,-32,11,-46,11,33,17,-10,-47,-59,49,43,6,8,9,-51,-29,27,45,25,16,9,48,-4,-8,5,-12,17,0,-41,-2,-22,33,-52,9,7,42,30,-19,3,29,-1,10,32,50,-25,-33,-40,-8,-42,-11,-30,-16,-45,-39,4,-3,-5,18,6,-12,16,31,47,-45,47,-10,35,-13,34,36,-47,-49,10,-41,18,-33,-1,24,39,46,-31,27,-24,-47,-42,28,22,42,-13,33,24,1,-45,-46,-35,23,-36,12,15,7,36,33,16,-31,1,-30,38,15,-40,-41,43,26,-30,12,-48,33,-48,32,2,24,41,18,-33,-33,33,18,19,44,5,-43,7,-3,30,-58,3,36,16,2,47,20,33,50,12,-43,-31,4,-16,-13,11,37,-30,-34,-23,-42,44,50,-34,2,19,5,-16,28,49,20,-43,27,13,-38,-23,-47,41,-18,13,3,8,29,38,-11,0,-25,10,42,61,-3,-26,28,22,39,18,8,-12,58,11,-48,12,-46,-27,29,-31,22,5,-30,34,37,-3,30,-18,42,48,-49,28,3,-15,-31,-21,36,68,-23,-1,26,-16,20,24,37,45,-2,9,20,-22,-14,8,52,9,40,-19,-52,37,-27,47,27,-32,-7,41,-1,-29,-41,12,-25,-45,-41,44,-37,-15,2,-30,-33,3,-29,38,18,-36,-28,24,-1,-44,22,-13,-24,36,46,-67,-67,-40,-1,-6,5,-35,37,-1,15,59,25,63,48,14,37,43,-32,-52,-41,-69,4,32,-18,-23,56,46,-37,7,36,-8,7,5,-59,8,75,33,2,7,8,-33,-78,-57,36,50,-69,-41,-11,-2,-49,7,13,30,17,-51,31,-15,-7,-9,15,46,8,-26,15,-3,43,25,-44,-13,0,13,-40,15,9,5,-41,-37,53,-39,29,-20,-43,-42,53,-61,-12,21,-21,41,30,-51,-7,-29,-15,10,2,11,30,42
26,14,10,-57,26,38,-3,27,8,-2,-20,-46,23,-35,-39,-20,-24,30,-48,18,26,-17,-9,-20,18,-14,10,10,48,-41,-47,29,-44,34,29,-13,-36,-50,39,30,-13,26,40,20,-45,17,-47,-49,34,-26,-45,0,-40,-4,9,-54,13,24,-3,-8,-53,-60,31,32,25,-32,-54,18,12,-1,-45,5,7,21,33,-48,20,17,28,-8,-53,9,-71,19,-51,-61,-47,-19,26,26,-28,41,-60,-35,-46,-7,-3,-33,31,33,45,12,2,19,-49,-31,-32,8,-21,-25,38,40,-6,7,-30,-48,-39,-26,11,-28,38,6,24,29,-42,9,27,4,8,12,-43,24,-7,-39,12,-48,-38,-44,45,-55,41,31,-21,16,-17,12,14,22,7,-38,-6,7,-3,39,-36,38,-17,-15,37,22,3,-10,25,8,47,-6,-10,-28,-34,19,15,-23,-32,1,46,35,-21,47,34,20,14,17,-8,-41,-18,-48,32,16,1,35,-17,16,-13,-12,1,38,20,4,-25,7,9,-7,24,15,-8,12,-50,2,-26,-40,42,40,13,-55,10,-9,-11,41,-22,24,1,-15,-11,21,-24,39,-42,-31,-26,-33,-28,26,26,49,-36,-17,-36,-30,-8,42,-40,50,-13,-29,-22,37,31,46,-21,10,-4,22,5,-55,41,-47,-49,-1,-40,12,-47,35,-35,-22,-55,-7,18,-15,34,-40,31,5,-19,24,-6,22,-18,27,-34,4,-6,-38,-48,6,13,-28,36,-28,-8,-43,13,31,27,19,18,-38,-36,42,0,22,-7,27,22,-36,12,-43,-28,0,-11,-53,13,13,1,-43,11,0,-51,-23,-39,-4,-25,-5,4,30,15,-10,-29,-32,-46,35,-25,19,-16,47,15,-58,-63,-46,-50,-28,0,-22,37,-7,-9,9,-7,18,24,-20,-13,18,-14,-47,-37,10,-37,-38,3,42,-36,18,38,-48,-4,43,3,-13,-16,23,-5,26,-12,-25,48,8,-40,11,-2,-19,-39,22,35,-37,12,38,-38,-6,6,-42,-10,-58,35,-22,-32,16,-23,-43,-29,-10
4,30,-41,-8,-28,-35,23,-15,-48,-49,-37,1,2,3,4,-49,-10,46,18,17,36,19,-32,-14,11,-18,-21,24,2,-3,35,9,-14,-5,16,-20,-54,30,37,-8,-14,-22,-16,4,47,20,7,40,-42,24,29,8,-24,69,-47,-35,6,14,53,6,20,29,-19,-42,43,-17,-57,-76,-55,19,-30,3,-24,-38,-8,42,29,38,-23,33,-22,53,50,44,23,8,-30,9,-47,-36,-4,-25,-31,7,-28,49,38,-28,-31,-38,-21,6,34,-31,31,33,43,18,-46,30,-36,23,21,-50,4,5,-49,-18,-47,-9,-31,8,30,-19,24,-43,21,1,-45,-7,16,26,-4,-19,41,-23,-18,18,10,9,-4,-35,-23,-48,-38,29,-40,-46,-7,50,-23,10,-34,45,12,16,33,22,44,40,52,68,-5,-17,-36,-27,4,53,2,-16,15,5,45,14,-28,11,-9,35,-46,22,-27,-48,49,38,45,14,-14,-20,-15,-5,41,-25,-31,-28,4,8,20,-26,-34,27,-16,1,-5,-5,-28,-37,53,-17,-33,-8,-26,44,3,-25,40,8,-34,19,-35,-20,52,67,42,-36,-34,34,-33,-3,3,-23,44,-50,-24,39,-40,3,-25,14,17,43,12,11,4,16,29,3,40,2,33,0,-44,25,-37,35,1,44,-16,-17,-12,-44,36,11,-7,39,22,-1,9,-7,3,-44,41,46,-27,50,25,-40,-1,14,35,-24,-32,-43,-16,0,-13,37,-2,-48,-12,7,-42,44,-50,-44,34,-31,-13,43,-31,-32,-4,0,0,-31,-33,-12,8,-35,-29,24,15,-25,-2,-26,36,9,6,21,-44,-28,-5,-2,-12,-50,33,-9,-29,-46,29,-35,-70,25,4,34,28,17,17,43,13,21,-36,-39,-8,-20,46,11,-56,-3,29,13,-9,-31,2,5,-4,8,8,-32,29,13,-31,-46,5,12,38,26,-30,-17,-36,20,41,-27,50,-36,-35,20,10,-25,37,2,41,50,-26,40,0,31,-10,-18,49,-35,-7,5,-44,-36,-7,-37,26,47,-19,-21
-9,54,42,45,-1,-40,11,-23,28,-8,37,8,11,22,-25,-15,39,-31,-1,-25,24,29,40,48,14,-6,-11,12,37,-50,14,-19,45,-47,22,-50,31,-50,-4,39,36,-38,22,-17,-5,-29,18,-16,39,9,6,-45,14,-34,-28,-35,-39,-5,33,-27,46,-17,-33,-7,34,35,4,34,20,0,-52,-46,15,13,-9,53,2,-49,-39,33,-23,-6,-19,-4,-11,-62,-49,47,36,-1,13,48,-37,8,19,43,36,5,-2,8,-1,37,20,-25,-5,20,-34,-42,-30,31,-8,-38,32,0,-50,7,-15,42,-17,-34,41,-24,-6,-48,-17,18,25,-24,27,-32,43,5,21,17,9,-18,22,-29,18,45,-9,-30,11,29,-12,43,6,27,-17,-17,-34,34,32,-52,48,7,-8,-6,15,43,17,-2,-47,-2,-39,3,-13,35,-43,36,15,-54,22,51,29,16,-22,52,-13,-40,37,8,49,-26,14,-37,2,61,19,12,-31,22,54,-31,4,-3,35,27,3,32,46,22,39,25,13,38,-41,43,45,-41,-10,19,-36,21,46,-25,28,-21,-44,-56,23,0,-33,-53,-10,-24,-23,9,24,-21,45,19,-16,-43,0,-35,48,-28,-41,23,-43,-1,-10,-31,-9,40,14,-21,-37,-22,-17,14,-8,38,-24,22,-45,-49,33,6,-14,-42,42,-4,18,-1,-35,8,19,-4,30,9,-25,34,42,38,-19,-33,33,48,48,-39,-39,-28,18,-38,-7,-34,36,-8,9,-45,-40,35,15,-25,22,-2,10,-17,34,9,-50,-21,-44,35,32,-45,-22,37,-43,-44,-2,-30,-15,-38,-27,-39,21,-12,8,-30,6,39,-24,-55,24,38,17,-43,4,-17,-50,41,4,-46,-11,-12,-17,-29,0,-8,-26,5,-50,-33,36,-28,19,25,-10,31,-42,45,5,-8,44,0,47,28,45,-45,-32,25,-42,20,-36,-5,13,41,-22,-6,32,-35,15,17,5,-20,37,12,-47,-3,7,-21,41,18,26,-35,-29,34,5,14,37,37,-48,-52,-51,-50,-49,31
53,24,7,-2,-24,19,-11,-32,-6,-4,-38,-5,52,-34,37,-36,-31,33,-27,-5,34,51,58,39,-10,34,39,-41,-12,14,15,-30,20,-6,1,31,77,-7,-26,12,-5,67,-3,-66,-6,-17,-4,31,36,-19,-30,25,-4,5,-47,57,10,26,-9,-23,-47,-11,5,0,41,2,47,-35,1,-59,-39,4,60,3,45,-26,-11,21,43,37,25,21,47,8,18,20,28,4,-17,-24,49,13,-21,-28,48,-49,22,38,19,7,37,1,-25,31,-4,29,0,-12,-43,-3,19,48,-33,9,-25,-44,-47,-44,46,28,31,31,-38,-46,45,37,3,22,21,43,-31,16,-8,-38,-36,37,-39,18,55,56,41,7,32,1,-22,4,36,18,18,-23,-32,32,-13,1,-45,10,-14,33,28,-12,-60,0,64,2,15,-50,-22,8,-11,-8,-17,-35,-22,15,-41,-39,-3,-4,-17,-28,-13,-31,-14,13,-35,26,40,-2,6,-39,20,-40,22,62,-33,26,40,29,38,12,6,-7,41,-2,0,54,-32,-32,49,-6,27,13,-9,-16,9,36,52,-15,29,27,2,10,-63,-45,49,-27,-16,-18,14,24,-58,6,61,-21,4,44,29,8,-8,-1,-41,17,-3,-32,-7,16,-34,-5,39,48,-34,23,46,-35,40,-35,6,-40,40,47,-2,38,38,40,9,-11,-29,-15,40,24,-15,-16,17,39,8,25,50,42,-21,6,29,-11,-19,9,18,-24,10,18,-20,25,-6,10,-38,-3,-32,49,-20,-13,37,32,-64,-19,32,14,21,25,11,-30,31,-55,-22,-31,-55,-36,-49,-16,-49,-56,30,29,-42,43,17,33,2,25,-21,-13,12,-33,-16,9,-7,66,1,-56,-15,49,-32,-46,32,53,2,-31,9,-24,-4,65,-6,-5,-44,43,-36,23,15,-34,47,27,5,-19,-22,8,6,1,17,35,34,11,-20,-11,-45,-48,38,2,10,23,42,11,-23,12,51,16,24,0,-2,-36,63,-15,47,43,25,11,3,17,-20,-36,15,33,-19,-37
-35,-29,0,-22,40,4,31,-6,-41,-50,-20,-2,-10,-27,18,45,-49,9,-33,-27,-23,-40,-39,-45,-16,24,15,14,23,-53,35,45,-30,-27,-49,-6,24,-28,7,-4,23,-8,15,-53,-4,14,44,42,40,27,18,-19,32,-62,45,29,13,29,-30,4,-36,11,-3,7,-35,-45,4,-39,29,-12,-38,10,-42,-42,3,-49,-42,28,-36,-26,47,18,-4,-19,39,30,15,-39,6,40,9,-18,30,7,28,36,1,-42,-21,28,45,-35,42,46,-35,-42,5,-48,1,8,28,49,29,31,-29,25,-29,-32,46,5,17,24,-39,4,-29,24,44,-51,5,-31,-14,49,45,-46,-29,-3,15,-8,46,-14,-34,-11,15,-13,12,-36,33,-38,-20,42,-49,53,-17,-8,-12,-15,-7,40,-22,-25,26,-4,49,-17,-40,1,-16,30,-8,24,-28,-6,-13,-31,20,18,38,-38,-28,23,-21,11,32,48,-30,-44,36,-26,-45,18,42,30,19,-10,-8,-4,-12,38,2,21,10,32,-34,-12,-37,22,43,32,16,-42,-8,-48,-15,-29,-29,-45,-15,-3,-15,-21,-34,-1,0,22,-47,-23,-16,10,-38,3,-12,15,45,3,25,-7,47,61,-10,-13,-32,-2,46,-29,52,25,45,-5,47,-40,-32,-24,-20,-39,-51,-48,-25,40,40,43,-11,-40,-18,23,-33,-27,-9,38,-26,-4,-46,-14,37,45,20,-38,27,-3,-37,10,23,43,-46,26,-11,-42,15,1,33,22,32,-28,-41,-42,47,10,-29,38,-18,40,17,-52,-8,10,-27,-22,22,38,-5,34,18,-20,-40,-30,-45,-36,26,43,20,44,-18,33,41,-24,8,54,31,36,-57,34,16,-16,-7,-1,-16,-8,20,-5,5,-7,-31,48,-21,30,-24,-62,8,-20,-19,12,14,-28,9,7,-20,29,-11,-10,-18,31,35,15,23,21,-27,-15,30,35,-45,-4,14,-8,34,50,-26,14,24,41,10,18,-41,14,-26,32,7,-28,13,-44,-24,-12,26,-23,-27,55,-21,-26,12,-28,6,-49
24,-33,16,-6,-35,27,-46,-11,-43,39,-61,16,12,0,-1,-18,-2,-17,-23,-35,-53,-15,-53,9,-17,-45,-4,45,-48,-46,14,0,35,30,-37,41,6,31,-34,-20,-47,21,13,-44,17,14,-36,44,-21,22,31,-50,2,-32,37,-32,-3,45,-48,0,-41,-21,-54,-57,-50,39,-37,26,-12,-57,-33,15,13,31,-18,-3,-57,26,-14,38,-41,-37,-65,-21,-52,14,31,24,13,19,-3,-36,11,-15,-59,-3,-18,1,-53,39,12,5,-32,50,8,-32,-25,-25,49,11,24,-22,47,45,49,17,13,10,45,31,-21,21,-26,44,25,9,2,-26,-6,-21,-41,36,27,-30,9,35,41,9,-20,-30,30,-13,-37,-59,13,-8,33,31,20,-44,-8,2,36,-31,-5,-29,29,6,3,-16,6,22,4,-1,-10,18,29,-19,-49,-36,7,3,-39,-35,24,-50,7,-1,19,39,-13,-10,6,12,33,-2,-32,-15,-12,-24,1,-69,-47,-2,-23,16,-32,27,-5,27,-1,15,-42,44,10,-29,9,43,-9,-6,48,-22,41,11,-52,-31,2,39,-50,-20,38,-35,-30,17,-21,38,-22,27,-50,-36,5,14,24,31,2,-22,-22,23,-25,5,-26,-5,29,20,31,-50,19,-18,-4,-49,37,25,31,-9,17,-32,5,0,-3,-56,9,-6,-1,-3,-57,-10,8,-6,11,-5,37,-39,-3,37,-14,-49,-33,10,-50,-28,-29,23,-32,30,6,24,-31,-8,-50,-41,-44,36,18,-34,32,-37,-55,33,-45,17,-15,-53,-9,-16,-3,20,-53,5,16,16,7,24,21,34,27,-57,-44,-42,-26,-51,-42,-39,18,10,-12,-1,16,-12,-29,-27,5,-45,44,-21,5,-29,-43,20,-52,41,12,-41,-31,-7,-38,-9,43,-18,8,5,-48,-52,36,42,-35,47,-26,45,32,29,30,-7,37,30,-43,43,36,-35,-33,24,9,-16,-51,-14,-49,-6,33,-30,-40,-13,7,-19,-27,37,-19,12,-53,9,13,-32,19,-44,-14,-36,18,-16,44,-11,-37,3
-9,7,-11,-12,53,-33,61,42,5,-41,18,62,19,-12,44,-6,7,29,-28,23,-4,-33,21,1,-31,-54,31,29,26,37,-51,-31,12,-38,7,-23,12,45,16,1,-52,-1,65,-38,16,14,19,-40,-39,7,31,-72,-70,-87,-13,65,-67,-65,-17,-41,0,66,22,45,20,-38,1,26,63,54,-17,-23,30,-46,9,26,48,-5,-13,14,-21,61,-42,35,-22,-29,31,-3,-23,-17,-6,27,14,-2,23,-9,12,47,-45,-3,-48,42,-30,-3,44,-11,40,48,36,15,43,-29,2,-6,-1,-36,-13,-33,18,13,30,41,-41,-31,9,18,46,0,-21,-41,40,-29,46,26,4,0,-6,49,31,-28,-17,-11,18,49,9,-12,51,52,15,3,-25,47,63,50,29,-1,-19,-21,-29,13,30,-29,4,20,-8,-6,-17,-16,-14,47,23,-2,-34,46,50,-39,45,5,22,18,16,-16,2,54,20,25,58,3,29,49,23,45,-32,27,8,24,28,1,59,33,39,22,32,-15,-20,24,41,8,19,8,55,26,-27,56,28,48,56,21,-48,52,27,33,33,-67,36,-46,-5,55,-13,-10,32,48,-4,35,-46,48,44,55,15,12,39,-31,-45,-54,-6,-19,35,-42,48,-19,56,-4,2,33,14,21,-34,-20,17,51,-4,8,38,15,5,-29,41,-9,54,51,-26,36,-15,-8,-19,-14,-7,33,49,32,-1,30,27,47,-40,-30,6,45,38,-45,-21,23,-23,-47,-38,-34,57,24,2,12,16,-20,49,-16,-36,-72,-5,-34,42,14,51,-47,-34,-32,-15,35,37,20,23,-12,30,31,27,7,-49,-61,-29,38,-32,62,-6,25,-18,38,-36,-24,0,19,33,12,-45,19,0,-23,-20,-8,-31,-15,36,42,47,-9,-31,14,34,-36,34,2,15,-18,48,2,40,16,31,-48,19,12,49,-9,-39,2,24,-25,13,18,31,-37,-6,36,-23,-10,23,-40,-27,11,15,-3,30,51,-2,-10,2,-34,40,-17,18,11,28,-39
-1,-26,46,-22,30,57,58,43,9,23,58,46,1,32,32,49,45,4,23,37,53,-4,18,24,16,25,-12,-21,10,1,-24,5,-39,45,-33,39,26,-4,38,40,-12,-7,-41,29,-28,-7,12,-47,29,5,9,13,8,-37,-31,-39,-54,17,16,7,-29,-29,0,-11,40,-1,10,11,-8,4,43,-27,-51,1,9,17,57,52,-38,35,44,46,-33,49,22,-16,18,-16,-20,25,44,61,-23,10,47,-24,40,-21,2,-8,13,1,31,5,43,-17,14,-48,40,-42,-4,-32,44,-7,40,-2,39,-2,-30,-49,-43,-8,31,37,10,-35,41,-20,56,47,-9,-28,-33,9,-31,-38,52,13,-29,31,21,40,51,34,-34,25,-35,19,48,15,24,21,1,-45,-17,14,42,-37,3,-26,-27,-11,-13,9,31,-20,-4,-48,5,-31,-48,-20,50,-26,34,-27,-35,17,31,2,-26,57,35,56,36,-21,-32,4,21,-2,-36,20,59,-21,-36,7,1,54,63,5,4,-49,-21,-50,-19,21,21,-5,-44,43,43,27,-19,35,22,-18,10,-54,-31,-14,-30,12,9,-53,35,-26,-38,-51,6,-41,-16,18,-24,-24,-37,-10,34,-6,-8,-36,51,16,-25,44,41,-44,20,-13,-22,48,-50,-40,5,-30,-5,-21,47,10,22,4,39,6,11,54,-31,57,12,36,-13,42,-41,29,49,-24,27,1,-32,18,-13,-11,-6,51,9,14,35,-13,25,30,42,-24,24,17,37,9,-19,14,-40,53,2,15,17,-44,-15,-33,-47,-54,-21,-32,42,-14,22,-52,36,20,-5,24,30,-42,-4,-6,26,25,25,-35,25,-61,-34,27,24,17,-51,-32,-36,19,-20,-22,-56,-22,-61,-26,-15,-57,36,1,-30,-62,3,13,5,-43,51,16,-5,8,-32,-46,-29,40,-22,37,28,1,31,-41,-41,37,37,34,12,-18,13,16,45,-41,28,26,-41,41,-38,-28,6,34,-45,37,8,-14,-31,-38,2,-29,-38,-7,-40,19,-43,29,24,-11,-32,-26
-13,23,-1,50,-35,47,44,40,2,-8,37,11,0,22,8,42,31,32,36,60,9,-18,43,30,-31,55,63,41,-22,-35,1,-29,37,26,10,-15,-10,-37,3,42,42,-3,-35,32,-3,40,42,-14,55,42,-31,-1,46,37,-9,-9,-17,54,-12,-23,15,-14,26,-21,-24,2,-46,-23,3,-33,-12,-32,32,-48,-34,17,46,49,-16,48,9,12,-13,53,14,16,-9,41,44,47,-20,66,70,54,-6,25,22,17,-2,35,-48,-16,-26,49,-36,-30,4,38,0,42,13,21,44,6,27,-37,-12,21,31,-45,-10,-16,31,-46,30,-20,-28,1,58,-29,36,17,3,-13,-17,28,22,7,20,17,6,-22,59,54,2,-7,-33,15,-8,1,-7,-12,-27,31,13,42,24,23,-38,-24,-34,-11,-34,-10,-23,26,50,-22,-8,-14,40,48,-41,47,26,19,-24,33,30,24,33,3,-8,23,-38,-40,43,-13,25,-24,-32,62,25,50,-8,32,-34,-29,54,45,41,-18,16,14,-2,28,10,-43,31,39,-3,-73,-23,-12,-14,-13,-4,-15,8,-41,29,-8,-21,-16,14,43,-23,-24,6,-21,28,-14,8,-11,34,15,18,0,48,-11,-26,15,-6,-20,-28,-16,-13,27,60,39,11,12,47,-1,-41,37,62,8,18,38,7,-22,0,73,-15,-30,53,69,38,14,-19,16,-1,27,-4,36,16,-32,41,-6,31,42,-38,1,-31,30,15,55,-41,44,-42,-1,-17,-25,46,-11,10,-35,-39,58,1,-40,4,-11,18,-42,-45,11,77,28,32,-33,6,-7,-7,-31,16,4,35,-36,6,35,16,28,22,42,64,5,28,25,44,14,57,13,48,50,36,-37,-17,-34,-34,-48,-48,35,-15,3,23,-37,-13,-36,-24,-26,-40,-26,30,-30,39,14,43,-35,-40,42,-22,41,23,-44,-44,11,31,32,-31,25,-31,16,13,-47,27,33,37,22,18,-28,-12,28,12,-21,-6,-14,35,-15,2,-18,58,48,-17,41,-38,36,35,2
31,48,20,20,-4,-19,-3,1,-17,-13,-22,21,-1,33,-1,-26,-43,-14,-45,-27,36,2,48,44,50,28,-24,-29,-8,27,38,-21,-22,-8,-42,18,-45,-14,40,-43,-5,-31,48,49,14,6,-11,33,-9,-48,9,-12,-36,-32,32,27,-23,43,14,22,-39,-9,-29,14,17,-20,0,38,41,14,36,-21,-17,50,-6,38,18,51,-36,31,40,-4,-7,18,47,49,-2,-45,28,3,-25,-33,17,21,-20,-33,37,22,55,47,-48,-18,19,17,16,10,-23,-25,-22,-36,-41,-34,35,10,21,-23,-6,-24,-27,22,-21,-24,-47,28,11,-5,6,43,-34,-17,-40,5,18,-5,-4,3,-20,-40,51,-28,9,-33,19,-24,-24,-49,-35,13,32,-47,-23,-40,0,-46,48,17,29,-39,51,-44,-49,22,-46,8,-47,-5,-43,-24,-8,-23,42,12,-41,33,-15,0,1,-2,31,22,28,1,-46,35,-10,42,29,35,20,-1,-40,6,-18,10,44,6,-7,29,-48,12,46,-24,6,-9,51,48,-20,-16,9,2,-30,-10,-22,-18,-39,-5,-22,-31,-49,11,-50,-19,-44,-38,-1,26,18,15,23,-27,48,-49,16,-45,11,-38,-50,50,-3,-7,-48,-6,-34,-41,-23,23,-31,-4,14,15,-36,-20,49,51,48,6,45,-44,-21,36,-37,31,47,25,-7,16,-21,-2,45,-29,-40,6,-40,-1,-23,-23,17,48,-49,-10,-30,-36,0,27,11,42,-22,-3,10,35,2,-16,41,-22,-23,40,-15,46,31,-29,-13,-35,52,0,11,3,-18,19,-37,30,14,-23,9,-12,-30,32,-42,-7,-21,15,-45,45,-27,-36,16,-43,-4,37,35,-7,42,15,-33,13,2,-9,-48,-48,-19,-10,-32,26,-28,-18,-32,13,-6,-47,49,13,-2,35,15,16,28,24,28,42,48,-29,-9,4,21,-7,33,-50,45,4,-22,15,37,47,-48,34,-5,-7,-17,25,7,27,8,34,-23,-37,-22,34,-20,-43,34,-7,-38,-48,-9,-37,3,-11,-29,14,18,20
-50,-45,12,-11,-46,22,-9,-89,-40,-77,-43,-69,-88,-21,-61,18,0,-17,-73,-51,10,-88,-99,-6,-30,47,8,2,-2,-42,-32,-28,-19,47,-10,15,11,43,-3,-5,-29,-18,-48,-10,-17,23,-11,39,5,-28,-23,-12,-36,-3,42,-31,-33,-15,-50,1,43,-29,1,15,16,-37,24,-42,-27,-44,44,-4,-20,-48,-46,-55,-33,-4,-56,16,-4,-34,-28,-22,-72,-35,-54,-30,-77,0,-52,-55,-81,22,37,-5,9,9,-58,-20,31,-19,-13,8,2,-21,-7,49,50,30,47,26,-37,-19,33,-6,2,44,36,23,15,-8,-50,-20,-19,7,16,-9,-37,-28,-60,26,-35,-23,-61,-28,-40,-38,-58,-7,-26,-71,-7,-82,-32,-7,-37,-5,-37,-66,-22,6,-24,28,20,21,-20,-26,-5,38,-50,-10,28,-33,25,-41,-8,42,-5,13,-21,19,26,26,-11,-55,-2,-59,-55,7,-45,3,-79,-29,7,-30,-19,0,-40,-21,21,-65,-10,-10,-21,-58,17,-11,1,-55,15,45,-18,37,-8,-36,11,38,-11,-43,16,-23,24,31,-9,-49,-19,-50,-18,27,-35,24,10,-38,-45,24,30,-28,-25,-37,-23,40,13,-47,2,43,-25,-41,-47,-27,-42,18,12,-34,5,27,10,-5,14,-3,-31,-34,-73,-4,-10,-8,-19,-52,-16,-33,5,-1,12,-29,7,-38,-37,-28,-32,-45,-9,-43,-8,-18,-26,33,25,44,10,9,-39,6,34,-11,-44,29,40,-6,-7,34,-46,4,24,-48,-32,-47,-13,-29,30,-35,-14,1,-20,31,17,-22,33,-45,7,-41,-44,-34,-33,-35,-10,27,-59,-24,-49,-50,-27,-3,-14,27,-2,-36,46,31,-47,-16,24,-22,30,-31,-43,-11,-27,-47,-48,-52,29,-8,33,-29,-36,-49,-3,-44,-17,-56,-20,-12,-46,-35,-28,-55,21,0,-27,38,-16,-50,-4,-14,-33,28,1,-38,5,24,15,-24,-59,-53,-41,-6,26,32,-38,-7,-35,14,-1,9,-36,-48,-22,-5,16,-61,45,-3,-22,12,-22,32,36,22,3,23
-9,-6,41,-27,41,8,-45,-27,-33,28,46,-44,18,2,-28,28,-19,-8,16,37,-22,-27,-4,17,21,-6,-46,-7,40,-39,32,-28,-11,-33,-44,-29,31,20,-37,18,49,4,0,-28,18,-27,-27,44,-20,11,2,2,11,27,18,-1,-51,-38,6,-35,20,-28,-27,26,-14,38,-55,-31,3,-26,57,49,0,-50,-1,-32,9,0,31,-12,0,-52,-64,-20,-3,-10,40,21,-14,-6,-27,-18,-9,37,51,3,27,-30,34,-27,-27,1,11,-7,-15,46,-11,50,-38,13,-48,22,46,-10,-14,4,-22,-26,-2,24,25,40,-23,28,-42,24,-44,0,14,-34,-12,-46,17,11,14,57,53,51,28,55,-42,14,38,25,56,6,34,-9,-36,-2,-3,-59,31,48,-47,-45,-21,3,-52,-50,7,-7,-2,-24,19,6,27,35,-16,-51,-61,21,-45,36,17,-22,30,-5,-28,0,9,60,35,-13,-38,42,-15,33,40,-17,-19,20,32,-7,22,-17,-10,33,36,36,-34,5,11,-18,21,3,-50,29,5,4,-34,-27,-46,54,-43,68,34,37,-8,-9,-1,6,31,-31,5,26,23,-50,-42,-38,-9,29,-51,-49,-14,12,47,-38,-17,-10,-18,-18,-5,-28,-45,-52,-20,-33,-32,45,-18,25,23,-34,-25,-41,0,-42,-17,13,-50,41,26,-15,13,36,-32,-65,36,-9,36,17,-48,2,42,-43,30,-2,33,39,19,-32,11,33,-24,-34,-46,27,11,20,44,-41,23,22,-10,-33,-35,4,-42,2,-28,37,30,-23,-57,-30,-9,-13,22,18,22,-6,-45,-21,40,-52,32,18,37,-23,17,-24,46,-7,-30,-37,-61,-9,21,8,9,50,-12,-51,-26,13,-45,-44,-5,-59,44,47,32,32,4,-8,3,-33,-43,44,-14,-32,3,25,18,-43,11,26,-22,23,14,-15,-20,-4,30,-11,3,12,31,-20,-47,-11,23,-18,-36,10,-16,-4,30,-29,-39,24,7,-1,-39,27,-29,-21,11,-50,-20,-30,18,40,25,-17,1,-35,-29,6
39,7,24,-47,10,16,38,3,5,-8,35,-44,48,-48,-47,28,-2,-23,-45,46,-47,15,-17,-18,-41,-21,-18,3,38,4,41,25,-48,25,-11,27,-16,18,-2,-43,45,17,-44,3,29,27,-30,51,-28,-38,44,5,-52,38,-37,-28,53,-7,14,20,-33,-38,2,47,-32,-7,51,-46,-11,20,-26,-9,-20,-16,-36,39,46,10,-4,-22,45,32,45,34,23,37,40,-13,28,46,-19,11,-33,23,-44,-25,-45,-40,-10,-41,47,-44,-51,-41,-46,42,28,50,12,-38,47,17,-8,-1,-6,18,-40,24,-31,-17,-21,-43,13,39,23,-51,-8,18,-26,-12,-14,-36,47,-26,-1,-5,-37,-24,37,36,5,8,12,-49,31,-3,17,-36,-19,12,35,-32,-35,-45,-48,-15,20,15,11,12,-50,16,7,11,25,-45,-5,32,-5,8,17,-34,-17,-22,37,-48,-3,-45,14,-10,-25,27,4,-37,40,-45,-10,51,-50,10,-48,-13,14,21,-16,-5,-30,4,-42,-26,17,-13,30,44,-48,28,-42,8,-32,-22,-41,-23,-5,-18,18,17,34,44,-49,40,25,-22,34,-20,-43,-30,14,-9,-11,-42,-41,-16,34,42,-46,-15,-48,40,-23,8,-42,4,6,-35,-7,43,44,5,19,35,34,15,36,-18,39,-49,31,15,-41,-14,-33,10,18,-18,34,14,-41,-50,14,46,27,-15,9,0,17,-46,-8,-33,22,17,-22,18,46,31,10,11,22,37,-51,-50,14,27,40,27,8,-17,16,-13,-16,31,-5,44,-12,-23,40,41,-16,-31,-43,-23,-25,25,-48,29,8,38,50,-26,-27,-9,14,-9,35,9,-25,-11,-17,-46,-4,33,21,-44,-28,7,-29,-1,-26,13,34,-37,7,33,-11,12,31,-42,-32,-49,-40,40,17,36,-10,-3,21,13,41,25,29,-9,50,-2,38,-40,15,-45,34,-5,11,-21,-38,-50,-12,49,-29,-10,50,-21,20,-24,28,-13,21,43,-16,21,18,18,-23,39,-4,-10,-51,20,19,41,-13,-18,-20,-22
-37,-48,20,-52,41,-13,7,-18,39,-51,14,-9,46,-33,-26,28,-35,-13,-2,-53,-41,21,-36,-28,33,-29,-15,-58,-27,24,20,79,34,-10,28,61,-31,-27,3,-1,33,7,13,28,45,-32,-26,48,-38,-38,-55,-6,13,9,-31,-57,-70,-44,0,7,5,50,62,30,-42,0,25,40,2,5,-4,19,22,-35,48,6,-10,-46,-17,-53,5,20,-23,32,-37,28,14,-8,17,-26,-51,-9,14,1,-49,-8,40,-8,16,-7,-16,-47,31,43,5,-48,-34,45,-13,43,46,39,-11,4,-8,34,-37,35,46,29,50,-9,46,32,5,-12,33,-28,-22,-26,41,46,-33,15,28,-25,-15,-9,2,4,42,-52,5,12,27,11,-21,38,30,-30,-29,-24,-7,19,26,37,23,-15,8,-17,-73,-79,26,-9,34,-73,1,-37,20,-3,6,-47,-19,33,15,-49,-50,7,48,-18,-42,43,11,7,-27,-27,13,13,-26,24,40,-21,-44,16,-50,5,3,-7,-19,31,22,41,47,-29,-17,11,-12,-23,-31,18,-42,1,-34,29,5,26,28,1,-37,58,46,-8,-16,51,-18,-23,10,38,-31,62,41,-16,-57,-41,-28,-51,-35,-49,25,62,16,15,-37,7,23,37,40,-12,5,-2,36,35,-45,-17,37,41,-17,-30,-40,-10,-29,-57,36,2,-9,-30,-55,-35,20,24,-11,36,5,-10,-11,-12,-31,13,18,26,-23,2,22,-49,-6,-37,3,-45,-49,32,39,14,-21,-20,-27,-14,-13,44,-20,16,-36,-40,4,-30,-24,-25,60,46,28,-57,-25,79,27,-47,25,28,16,-60,19,24,50,-53,-2,8,-46,60,85,58,31,-41,57,59,29,-47,-14,3,-34,8,13,56,28,-8,-2,-5,-20,16,4,-34,25,45,-20,-19,-11,-6,12,12,45,36,-6,-49,-48,3,-26,8,47,-43,15,-7,-22,-45,-11,-41,20,-11,32,-7,16,34,28,-35,-37,-63,-14,-17,-25,-10,18,-31,47,24,-26,-45,-36,25,17,26,-40,-52,-28,32
26,-52,9,-18,-40,-51,15,0,-56,14,-39,9,-11,-23,-28,20,30,-22,-50,41,22,-24,-41,11,-42,31,40,-10,2,12,34,47,-2,-32,17,-6,25,-57,-35,-4,44,45,19,-15,-10,10,-6,-47,-6,-48,-16,-9,7,-3,5,-17,39,-13,38,-19,-8,13,-49,-9,-12,-11,63,37,34,11,55,-39,33,-21,41,-14,-30,-47,-5,49,-7,-14,-44,-60,-52,11,15,37,-7,-13,-54,28,-40,31,-24,-62,-37,10,-53,23,34,26,22,-34,-32,-10,-45,20,32,36,-30,32,-46,-6,-45,-6,3,10,47,-14,-5,48,-50,-35,-4,-29,21,43,-38,-54,1,-31,-14,-54,-46,35,30,21,22,-24,-15,-14,3,9,-43,33,-23,-26,-11,-49,20,26,44,46,-6,-7,27,38,-17,-6,-23,-15,24,-18,-24,-45,36,-15,5,-2,0,17,10,45,27,3,-21,14,-12,-42,27,-16,-18,-9,-47,-4,7,-10,7,40,-2,15,-29,15,-28,2,-8,12,-2,29,-32,-19,44,40,44,-36,-23,-25,58,16,-36,-18,-37,48,12,69,9,-8,2,-43,9,-28,-30,-14,39,43,-8,57,30,-6,-42,-17,-35,42,-26,-17,-25,50,28,39,-11,42,33,39,-22,-18,10,29,-2,40,-17,-41,2,-29,7,22,28,26,-22,12,-21,-8,-27,33,2,24,-53,-33,-8,-15,-5,32,35,-45,-27,7,8,21,-22,-30,-21,7,30,3,16,-50,-3,33,31,-40,26,-11,30,-22,-40,16,38,-49,46,-35,-47,32,-46,44,-33,-15,-61,4,37,29,-31,-17,44,17,4,44,11,-56,-15,-9,21,-48,33,-17,1,39,-23,33,-28,14,-35,-16,-4,3,-46,-32,-25,2,-39,-1,39,50,-20,-48,43,46,-5,16,-58,-27,-24,-34,12,43,-19,-8,34,45,-15,-36,32,22,19,46,4,42,33,32,15,-45,-40,12,-2,-46,-21,21,-25,-26,27,0,-42,33,15,-51,36,-48,-2,17,26,-49,4,-10,-20,-45,-2,-36,-17,47,29,-30
-15,22,-2,-13,-27,-23,43,12,-28,6,-16,19,-37,-40,21,38,-7,49,-22,-5,41,29,-31,-19,-23,-50,29,-34,-17,42,41,14,60,40,30,42,36,25,35,3,29,-42,-22,45,-30,-36,26,5,-31,15,47,33,55,12,39,15,-48,7,57,-35,-7,8,-47,-1,16,-48,-25,-29,-40,46,24,26,12,40,41,9,-6,34,-28,49,37,-3,-4,26,-22,-28,-34,-12,-6,-20,-42,12,26,20,32,-1,34,21,-23,-28,-23,-24,-6,12,31,4,21,-43,-48,-29,-33,22,24,49,22,-19,-8,29,25,29,-24,27,-40,21,4,-14,35,34,-29,25,28,-1,42,-13,9,48,-50,-8,-28,-24,-21,24,-29,3,-47,43,-29,-37,-28,11,-49,2,22,7,-4,-25,23,-1,-31,-3,-42,-8,42,48,45,-6,-31,38,33,-11,48,19,-31,24,29,27,-17,9,45,-28,-37,33,7,-26,0,7,31,-2,42,6,-12,-24,33,-38,-14,-47,-27,-40,-24,12,11,23,25,44,22,-34,-41,-1,15,44,-41,-4,11,20,-17,-11,34,15,-14,-30,-23,-43,37,22,-3,13,38,-22,-31,-22,30,35,-46,-29,-9,-44,-42,-9,-20,39,-33,18,-26,-20,51,-42,54,18,-13,-6,29,50,-8,-29,-10,37,-45,49,-36,51,8,46,44,15,-27,-26,17,39,53,7,-47,-8,37,54,36,-10,47,-36,-4,36,14,-15,0,20,-17,41,-42,0,-43,41,48,7,30,47,-7,-43,0,-9,45,32,-7,-27,-37,-22,24,-8,13,-37,-3,-42,5,-33,-32,9,-11,13,14,31,-27,-47,-24,-34,-4,20,11,-47,-19,3,50,-30,-42,2,28,-39,-44,12,37,14,-19,-7,27,-32,-22,-28,-12,10,-44,35,-24,-42,29,32,-13,-47,-27,39,13,17,-27,-33,40,-33,-36,-27,6,39,-47,-48,-31,-42,10,-10,7,25,33,-6,-22,3,8,-25,7,-26,45,-17,16,7,-7,-11,44,36,-40,6,-39,7,11,-13,-15,-34,-30,-29
-17,42,-41,49,-8,-15,-11,43,23,39,-17,-2,35,-50,37,-15,-8,-38,-25,-21,-5,21,12,-24,-8,34,-14,22,37,7,16,7,-25,20,44,-43,-40,2,19,-3,-4,-37,12,36,26,-36,17,46,-33,-33,-28,-42,-4,-46,38,-35,-3,-29,-41,-13,38,36,-22,26,-30,4,3,52,50,19,-19,25,-40,-1,2,44,-2,-32,-30,16,12,22,10,-41,7,-49,24,22,-41,13,6,-20,-9,21,-6,-49,8,-12,29,19,49,-18,46,-10,25,-7,20,26,-42,-48,10,-50,48,-48,39,-46,1,0,-40,45,-5,-22,41,-4,-3,-34,-17,43,-31,-32,26,34,-10,-18,-27,5,28,-18,0,-18,-8,-46,49,49,-46,8,-16,49,-25,11,-44,49,-23,-23,16,-22,-32,-31,19,-34,-10,-26,13,-8,-49,-4,-22,38,40,28,6,-22,41,-51,-17,31,36,19,5,0,-36,-47,39,-22,17,-46,-1,-22,-37,-41,-43,43,0,11,-30,21,-43,-16,-23,31,-8,-37,11,-6,13,-22,26,13,-41,20,-40,-6,53,-4,-40,-44,25,-25,-48,-34,-30,-35,20,-3,-29,-5,-24,41,-35,30,13,10,-12,2,3,23,-39,-14,-52,35,-11,22,19,-22,48,-51,29,19,-37,-33,-42,-23,10,-29,15,-8,18,-12,8,1,22,-28,-38,-39,14,48,35,-14,22,16,11,-33,27,-3,24,-13,-10,-11,41,-16,29,-8,-40,25,-9,2,2,-45,-50,33,-47,39,47,11,-25,25,3,13,1,-25,-45,41,50,-22,17,-57,4,35,1,-46,26,-28,-40,34,-24,51,35,-1,7,14,-57,-9,-9,-29,-45,33,4,-24,52,-4,22,-39,-27,36,6,-8,3,29,3,30,-11,-19,48,-39,34,-24,6,-2,5,-39,28,36,-48,51,-9,-24,43,-14,-28,19,34,32,-19,-4,6,45,-37,-39,34,-6,-27,-22,-6,30,-50,-17,10,42,-9,35,-11,-38,-42,20,-15,-37,10,39,14,8,9,6,-53,11,44,31,-12,33,6,31
12,10,43,-57,-10,-45,2,-28,38,20,25,16,27,17,8,-48,33,-22,-1,-26,-51,29,-7,-29,-38,3,-9,-16,10,45,-29,-47,44,66,-55,44,-36,-30,15,-5,-6,10,-4,48,-14,0,33,43,49,39,43,63,-18,-35,-29,2,30,42,-41,-36,-25,-1,38,-18,30,-48,-18,15,-31,7,-3,-2,-11,19,42,41,37,-16,-21,-13,26,24,-57,16,-19,-29,-23,22,-57,-16,1,0,-49,24,-3,-53,-45,23,16,-43,18,-46,-6,-38,3,15,20,-7,-14,-41,-31,-8,38,-32,12,22,12,-30,-21,51,-36,13,41,-5,3,-20,29,35,-48,-44,-21,4,-22,-7,14,36,-15,37,28,37,-19,-30,-46,9,-4,-31,12,-38,1,-6,31,-14,37,-50,25,24,57,-39,-1,21,-36,-8,11,-2,-35,19,8,-35,-44,-10,-43,-11,24,-38,5,-33,-4,20,-50,-52,4,35,25,1,-37,-5,15,-52,-3,12,-56,29,-56,-13,17,38,34,5,-27,36,38,44,35,-29,-15,6,-36,18,-41,-33,4,-12,15,-52,0,-41,-35,-6,0,8,3,-34,-5,33,19,20,-29,-33,1,20,47,-3,-12,-16,-69,6,8,15,-49,16,40,-35,-17,45,12,12,-24,-31,48,30,-11,-39,-27,23,-48,-33,13,23,25,38,-4,-33,23,-60,31,6,-30,-33,-31,-24,-35,-19,35,-49,-28,45,7,14,6,-33,-40,4,38,-47,31,-36,6,-38,8,-42,-34,3,-44,-13,-36,26,10,-25,10,6,-58,0,-29,-23,37,-26,-20,-40,-29,-5,-36,-42,-65,-13,-24,-47,-33,30,18,-14,42,36,38,21,-37,36,-27,-13,31,-28,14,-5,-34,37,27,8,-24,-63,-37,-15,33,-21,28,-47,-10,5,-54,-39,-5,58,-30,49,8,-22,-45,-52,-46,30,5,-46,47,-4,21,-38,-22,35,17,14,35,-19,-25,21,22,-8,21,0,57,3,21,-43,-32,14,56,15,22,8,36,32,-17,-9,39,50,-19,45,25,-15,18,-35,-20,26
27,45,42,26,11,-9,-39,7,0,-11,27,-4,16,6,48,-34,-10,-48,8,41,-14,11,15,24,-17,49,34,-10,-56,-14,64,4,-68,-7,-44,33,24,17,9,-28,80,-43,1,5,-19,70,-18,-21,-31,-15,62,76,95,42,16,-11,35,41,31,-45,-73,-23,47,32,39,34,34,20,86,13,26,-81,-13,13,28,-35,34,-23,-34,25,-35,31,33,-10,48,30,6,31,-55,3,-5,-26,33,-21,-7,-32,-16,-10,-15,22,-22,25,-18,39,50,13,22,27,-24,-41,-37,44,48,-41,41,3,-38,42,-32,19,-20,39,3,9,-15,-34,32,-33,24,-16,2,4,-38,-34,33,26,-42,-51,28,30,-11,-49,-4,-47,-1,0,-42,-21,-26,29,-44,-55,18,-7,-24,-48,-11,2,-28,28,-34,41,-38,-53,39,61,27,29,-4,38,-24,12,-26,-28,-12,-20,25,-49,-24,-22,2,0,8,17,15,2,36,-43,50,6,41,7,37,-10,26,4,-2,-33,-2,45,43,59,11,13,-19,-11,-43,5,19,52,-11,1,10,70,67,26,10,-23,-44,4,1,16,-48,-68,18,-30,-34,-14,40,1,41,-35,25,-9,27,40,51,-5,21,-63,27,-55,-12,-29,-2,3,-42,-33,-12,-2,49,18,36,-10,-15,18,-12,-18,2,36,-48,-43,-9,4,-1,41,9,38,-46,44,12,16,-22,25,-41,-12,9,48,3,1,18,14,4,-35,38,3,-10,55,17,50,16,-16,-41,3,51,8,-15,43,-46,-53,15,-22,-75,-36,-63,37,-31,31,26,34,81,7,28,30,33,44,8,5,26,5,18,-21,42,-9,-21,77,52,-16,-73,-38,106,46,-3,11,-75,-5,4,48,7,87,-17,32,5,-21,67,14,-26,-24,-6,-26,-11,10,-30,22,-5,-15,-5,-11,4,3,-10,-47,-24,-50,31,49,-21,-36,34,47,22,34,-10,-32,38,-45,-6,32,18,19,-25,-32,14,-3,39,-23,0,-22,22,-11,-29,21,-38,-21,-13,-3,11,-33,-7,-35
44,11,30,-20,39,47,47,-7,31,-8,-18,10,2,4,9,-26,-15,8,-29,11,57,15,36,-13,32,-19,44,-7,-23,-17,10,-38,4,28,29,19,6,45,-47,-5,44,21,15,-30,-21,6,-60,-28,-13,22,-30,8,40,41,31,78,24,26,113,29,45,-2,-71,0,5,8,-20,-44,-70,-74,7,-4,-12,-33,7,-42,53,43,39,-18,-22,37,-28,50,-30,-8,-16,19,-11,9,-12,13,-12,7,31,-2,27,16,-29,-13,42,-33,-29,-1,51,27,-9,-11,-6,10,-20,-35,-49,4,-43,32,-11,50,-17,-28,-32,-14,-2,41,32,-27,55,9,10,23,42,9,0,-8,-15,-30,21,58,55,47,34,49,15,11,25,4,8,-13,44,48,31,58,4,-12,37,41,18,-8,-7,33,-44,19,56,61,-14,-44,-50,40,-27,18,-22,-39,-37,-37,-36,-13,26,-35,-43,-16,23,19,-6,1,-23,33,55,22,60,10,35,27,-1,38,32,-31,-29,31,30,-28,30,-11,48,-29,-25,-16,1,41,-31,36,-44,-15,15,22,8,5,10,32,11,53,-50,52,16,-26,-17,5,41,-14,-25,31,-31,23,-13,62,-30,35,41,108,-40,40,-22,10,49,12,30,-16,13,38,14,-9,-19,-10,64,47,35,-1,51,-36,-2,33,30,39,53,8,39,-43,11,56,24,1,47,-16,20,-26,52,-28,35,-24,-30,-5,-15,5,28,-2,-7,29,-8,-3,6,26,-45,25,35,0,-46,-9,-34,-10,-23,9,-71,-19,-32,36,63,-40,-6,14,52,18,2,-17,-87,-16,-45,35,-34,35,36,40,6,-33,-53,-35,-4,-36,-19,-10,80,-18,-27,31,17,99,-2,35,-25,-10,-1,27,-20,-45,-8,15,9,27,-18,0,-41,16,-47,-14,-4,39,39,32,-39,6,26,-34,-35,44,28,2,-17,-24,-3,32,21,16,39,-13,-24,25,-46,-37,-26,14,22,27,7,66,34,16,-33,16,26,-40,-2,-31,24,45,-1,50,-14,-30,-43,16,-28,-40
-43,45,55,30,41,23,-10,-23,-10,-22,-36,22,15,21,-33,19,40,59,56,66,41,45,47,2,45,13,-12,15,-43,26,-44,3,38,8,13,-30,-30,-16,-42,-32,29,68,-51,-65,11,4,-47,-1,-4,43,10,52,18,-55,-59,32,-65,19,-29,10,15,32,84,-17,-14,57,41,29,48,14,-18,-32,-14,52,28,-27,64,55,-27,33,-22,30,-8,20,13,37,-16,32,54,35,2,33,48,1,-17,-38,12,16,23,50,15,34,-12,-42,-43,24,6,8,-2,43,-35,13,7,23,19,-50,-49,26,37,0,-47,7,-27,-17,-6,46,56,48,-16,-26,-16,-36,-11,38,25,30,4,59,19,17,36,61,4,-21,40,48,53,-5,44,47,41,27,-25,11,-39,30,-40,52,-30,5,-12,-21,44,-47,-7,-19,-40,-30,45,19,-16,-12,-24,42,16,36,-10,-33,39,32,-8,-15,-11,58,-9,14,-27,59,54,37,1,-37,34,40,5,16,0,7,17,60,52,27,-25,-22,48,-11,43,-6,27,68,53,25,28,13,-35,8,4,-55,-44,45,24,22,-28,38,33,52,-8,8,44,27,25,31,33,17,50,10,6,-31,21,45,34,13,-44,11,-6,-24,-36,1,2,-10,53,22,-23,33,44,2,-15,47,41,20,43,20,52,61,-10,21,42,27,8,30,54,-21,-9,29,14,-30,-13,36,45,9,50,-13,39,-24,-22,29,18,-27,56,-25,42,-37,-26,11,37,2,55,-22,6,-35,-34,-25,49,51,49,-23,-63,-5,25,4,22,6,12,-21,11,10,3,34,-35,31,21,-6,-4,7,48,-26,32,16,-21,48,-77,8,36,18,22,2,83,25,-50,2,14,-21,17,-5,33,-28,-17,-57,-14,41,-43,-15,0,-22,4,-22,-37,-10,-39,-10,-10,-16,-21,40,3,-32,29,42,-30,49,-33,53,-42,8,6,-10,7,41,-30,28,49,-18,63,-18,10,43,28,49,14,2,-33,34,58,38,-23,49,-39,-36,-6,13
38,19,0,-38,47,43,-16,-28,17,15,6,-18,15,10,29,22,-5,38,2,-39,-22,-41,-22,47,-7,22,-33,55,-9,-5,-31,-30,37,54,-37,-37,16,52,-39,-31,-10,-17,24,-38,41,-19,-18,9,53,59,-39,-36,-28,1,20,36,36,33,3,49,-54,2,7,-1,61,-23,-26,-44,12,-41,32,-12,-34,48,-52,3,10,-27,-50,-7,11,37,-45,-27,2,9,-1,-23,-12,30,-21,35,2,13,19,-23,-19,-8,-16,38,15,-24,-41,15,-34,29,5,-13,-19,19,11,13,43,45,-25,-13,-22,41,44,-50,-47,-16,-16,-7,17,-8,-27,-18,-22,-27,39,-35,-36,21,24,24,34,20,-42,2,-29,11,8,-46,-38,2,15,-50,-36,-41,38,-43,32,8,15,23,-2,-41,11,-24,18,-29,43,16,46,-26,49,41,36,19,38,6,-24,25,-50,-2,-35,-43,10,24,30,-45,5,5,13,6,13,1,15,-28,-11,-19,-27,17,31,25,15,49,-1,-23,-16,-21,23,6,-1,-38,37,60,-32,48,30,-42,-39,-20,6,2,-29,22,10,52,24,-29,-9,-42,15,39,-33,-40,-3,38,-17,56,14,-6,-38,-13,-30,1,0,-20,18,39,-17,40,59,32,34,-12,-50,-17,20,-40,-26,28,-15,13,-26,-57,-45,37,11,-20,25,-44,26,-5,-4,38,-33,-31,23,48,-13,23,43,39,-15,12,42,-36,-44,5,-26,-31,-22,-35,-20,20,-17,-28,-9,-4,11,-30,-24,-6,-6,-36,39,12,-55,32,-47,0,-10,-66,8,34,-22,-17,32,-12,-23,-26,21,-1,-31,62,31,3,15,-24,-17,-33,-7,-10,-27,2,-25,-22,-31,25,-41,64,36,11,-55,-15,35,-1,34,6,33,-25,50,-20,-14,-1,41,-7,12,32,40,-46,-21,-31,-44,-12,-30,-26,27,-37,38,44,-2,43,-44,-47,42,31,41,-49,23,33,-43,-2,-26,-3,-10,-44,16,-35,5,-33,-24,-32,-45,9,22,-20,11,-39,12,5,-22,30,7,-51,-14,16
-39,-38,39,20,3,10,-42,36,-5,-48,30,5,-7,59,-15,-10,-6,62,-34,50,-21,-24,-37,50,-4,2,-36,-36,-52,-31,-2,26,29,-9,-48,-35,28,-19,0,-52,-3,57,54,12,-21,-4,32,1,-5,-30,26,-37,-27,-15,17,-3,16,-28,10,15,6,-33,-61,16,-11,39,-20,61,-32,1,11,61,38,16,13,31,-23,-20,-12,10,-20,-40,-7,32,27,16,45,-30,-31,11,49,-16,50,52,5,-15,-35,-1,-24,37,12,16,0,-23,-14,-28,47,-25,7,-38,-26,24,12,-26,-28,28,-31,28,-39,41,46,-25,-12,8,-33,10,34,-7,-40,36,3,34,40,-11,49,32,-11,32,44,27,46,10,11,24,-27,18,10,42,-40,27,-7,-10,-24,44,10,7,41,34,13,-3,-57,-14,-10,5,-13,37,-49,-23,-15,46,-3,-14,-32,4,42,-33,-27,2,-6,35,-19,55,-24,-14,36,9,58,24,-13,-24,-22,-3,35,34,44,21,6,-36,-14,35,3,49,-31,-41,-21,-23,38,-35,-40,9,-8,-22,-38,-8,-9,69,13,59,-15,51,-26,38,-21,43,-11,0,29,-26,3,-28,6,-28,53,-3,-35,6,41,51,-12,-39,25,44,-19,-43,-50,-5,20,-14,-21,-33,-35,14,-24,52,27,12,13,-23,38,14,13,24,9,16,2,33,-39,-44,3,3,43,-46,20,-26,-32,39,-17,-5,51,29,-19,12,9,-4,51,19,-30,9,27,-40,35,-28,3,-41,20,47,46,18,23,13,-20,6,-19,29,-29,-42,-10,-37,-13,-24,-29,-44,15,-27,47,-3,-39,27,27,61,-14,1,53,-20,-15,43,2,-16,4,11,23,-11,47,-41,-11,-21,33,30,-21,-3,32,46,8,48,-18,49,44,-20,-29,23,52,46,48,0,13,-10,-25,-11,11,3,9,22,-16,-28,51,20,11,24,-29,-35,-38,-25,-21,15,-17,31,-11,-14,-48,28,38,-46,-35,38,-34,19,5,-37,-41,52,-1,5,32,-6,27,-6,33,-23,37,5
0,-1,-29,-15,25,29,-40,57,20,14,3,44,-28,56,50,55,18,-4,32,28,-27,-13,47,14,18,17,50,-36,35,11,42,-22,26,-59,-17,1,-26,22,-41,29,-12,-10,-29,-16,39,-2,-49,6,3,43,72,6,-6,-53,-4,63,10,8,7,-29,-19,42,19,14,55,-17,50,-29,-47,-7,-35,-60,-24,-49,-7,14,57,38,0,-3,1,20,54,-13,-9,52,-6,-11,23,-15,43,-3,24,65,-31,49,24,60,10,14,-10,-13,17,-44,-4,-49,25,-19,-49,-37,-17,28,24,-26,-11,24,-5,-13,-28,-39,-10,-26,-23,45,26,-8,1,47,33,51,-43,-3,16,-3,-12,-35,41,-4,-31,-24,13,20,28,55,30,35,-2,-38,-19,39,38,-14,-4,-12,13,-16,-33,23,-32,32,-19,-33,56,19,-42,19,6,60,36,-33,28,47,-24,34,11,38,-19,-20,14,43,-38,-38,-13,33,26,-17,38,6,-45,24,56,-17,-8,-41,54,1,-2,-46,10,-18,-4,29,-45,-50,21,64,-5,21,-37,26,22,24,-17,19,46,38,-30,-23,0,43,5,34,-19,4,37,0,-23,42,26,-19,44,-33,-20,4,36,-29,57,-17,23,-34,-39,39,16,62,47,11,-30,19,55,-28,-11,-40,1,-34,-22,54,-16,-23,-27,-40,-20,32,-5,33,-24,54,-30,37,4,44,23,-21,16,-37,61,41,-37,0,-15,-9,-6,31,-18,-46,-3,-20,24,-39,19,-35,-13,-41,-10,20,-7,-16,33,29,-15,0,18,28,-34,3,10,24,56,-31,20,51,70,-29,-65,70,61,31,-63,-5,-29,31,37,25,-73,-46,-42,-22,11,-34,-11,-23,19,31,27,-35,-3,32,1,65,5,40,31,14,15,4,72,-13,-87,-33,17,-20,10,16,10,41,7,-1,-7,-9,-46,40,-9,12,-30,-46,28,30,26,46,32,15,34,27,15,-9,-28,-9,2,-9,-20,39,-16,-19,-34,56,-2,1,34,-25,35,0,-28,23,-28,-7,-14,25,-32,-5,-2,23
-51,43,25,-3,-2,-49,-13,-19,-13,6,-44,2,20,-14,-23,8,9,7,-10,30,36,-29,19,-21,-49,3,21,-1,-33,-8,15,-30,-36,16,45,18,-34,10,-31,47,-27,-43,-3,12,-21,47,9,5,43,-19,39,-16,-12,29,-40,14,-15,-23,-52,-30,34,-28,-41,29,-43,5,22,-47,38,29,-16,8,19,-37,-22,-2,26,24,34,39,7,15,-41,-17,-64,-4,-42,19,7,-18,35,-32,-35,34,19,-52,13,26,5,-39,-27,-1,35,0,-17,-43,49,-24,-19,-9,24,-50,-38,-40,-8,-47,-29,32,5,-42,3,-41,-40,6,-46,-49,-28,18,-22,13,-11,-23,-25,18,10,-21,37,-40,40,-3,6,45,-42,34,-29,5,-46,35,35,-13,-8,-3,-4,-21,-15,-11,-44,2,-12,-52,-8,16,-18,51,37,6,19,24,43,25,4,-37,31,-41,-22,9,-43,-25,34,-44,7,-51,27,-50,-14,15,40,42,-51,41,44,48,16,9,-5,-13,-9,37,-13,-2,31,-1,-13,-21,-11,-31,9,-13,-31,-12,-30,22,-19,-51,-46,8,-29,38,8,29,12,-42,23,-51,-45,23,41,-24,-25,-19,-1,-46,-44,19,-17,23,14,43,24,2,26,-53,-7,37,30,13,14,11,-2,36,-6,-36,-9,9,-18,-40,-14,26,37,-8,-29,11,-12,-60,21,22,-70,4,-49,41,-50,-54,-40,-29,-4,36,-36,-27,-13,36,18,-5,-31,-35,-15,-46,23,-36,22,-41,-45,8,-25,-22,-3,-46,15,8,17,-3,33,7,38,-31,-41,29,35,-23,-4,-20,-60,-33,14,0,-34,-26,6,-52,-25,-49,26,28,22,7,35,-10,-49,-42,-32,-31,16,35,-4,-45,42,16,-22,-30,7,-31,-43,-26,-47,-11,-49,27,-58,14,38,8,-7,35,-24,10,7,-23,6,8,-9,15,22,-35,-16,40,-4,50,31,25,-37,34,-44,-2,4,-8,0,-34,-53,-50,-57,28,-43,37,14,-29,21,-45,-44,-45,-22,-61,34,-33,39,-23,-31,41,-29,27,20,-1
-18,0,-31,-40,1,18,-63,-9,20,31,-12,-35,-30,-70,-31,-16,-16,8,18,28,18,-40,-11,-61,-22,-11,16,-42,14,47,-25,-30,-17,-49,-55,20,-48,-30,-49,20,-46,-47,13,-42,-46,-3,21,-18,28,-5,-59,36,-18,31,38,-22,-50,-22,6,57,-15,-19,-9,-113,-16,19,-52,-55,-63,28,-20,47,38,-10,59,31,38,-58,-41,4,26,-19,-11,-47,-28,-49,-37,23,16,-59,12,-9,-50,-5,6,-8,-41,-12,-17,-41,11,45,-17,-36,-46,-46,-48,-46,7,-45,-3,-28,-41,10,15,-7,-33,20,-5,-12,18,13,-34,24,-30,33,18,-19,-34,10,-45,41,-18,-14,-1,24,17,-4,34,-39,36,-17,-13,19,-19,-53,-8,22,13,-55,55,33,-32,27,13,-38,-52,52,30,-44,-15,-76,9,42,41,-59,-9,20,-25,-25,21,-13,-21,27,6,-36,8,25,-39,40,1,4,-63,-44,34,-48,-36,-42,-64,-30,-12,-4,-34,-13,27,-22,-15,0,-27,-37,-28,25,40,-27,-21,6,-25,-27,-31,-14,-22,37,-35,-32,47,-57,45,-5,-16,9,30,63,4,-45,33,-21,-3,12,0,2,3,35,48,62,-2,27,21,2,-8,38,-11,45,12,49,-7,6,-29,29,-16,0,6,-17,-9,-10,-20,-7,-20,-46,-36,40,-8,27,-27,-31,-3,-65,27,24,21,5,8,16,-25,-66,15,13,-42,35,24,-29,35,-48,9,-5,-41,-30,36,-46,40,17,25,-30,11,-46,-36,27,-45,25,-16,38,-3,-8,-6,19,-22,-10,54,-31,-15,26,45,11,-73,-19,-5,-22,4,14,38,-28,56,-21,46,46,7,57,59,-46,3,20,-19,47,12,-19,-6,-43,-34,-38,30,38,-35,-35,-17,14,43,47,4,1,71,71,47,-15,-52,41,27,-8,27,31,30,29,-53,40,15,29,18,-36,-28,31,-17,-1,-13,-16,-11,3,-52,27,-4,-45,25,-48,-5,14,-54,5,-29,20,-44,-11,51,18,-2,-26,-76,-33,-24,-33,19,-35,4,9
-43,48,-35,41,-44,28,-14,-32,5,-17,48,1,-14,-31,29,10,-46,24,-46,20,-39,33,17,-38,-44,27,-33,9,2,-35,45,29,37,-13,43,51,34,-8,11,-47,-37,5,40,-21,-46,15,42,-8,16,31,8,-51,6,-15,34,-50,-36,-39,-14,35,23,-37,1,-35,-52,-30,-48,-5,-42,2,46,-3,8,-14,13,1,-11,31,34,39,24,-20,-15,-16,2,30,31,-12,-12,-21,-41,23,3,1,-6,46,1,18,-21,-37,13,48,-33,-38,-1,0,-17,48,2,0,15,28,49,-23,47,36,19,7,-14,-26,-38,-7,21,-50,24,-29,34,-7,-34,-30,-5,8,7,-41,29,-42,4,25,9,-30,-36,34,-28,38,-21,6,28,34,-6,7,7,30,-47,-28,-36,24,-1,32,22,16,-38,15,49,-37,1,38,-45,45,-7,-13,36,40,-4,12,-9,-13,39,9,-11,-28,25,-42,35,47,-11,-30,-37,46,21,-33,-21,38,49,48,-44,29,-8,-20,-40,-50,18,-14,-38,-36,-36,43,39,16,42,39,-14,-5,-46,-36,-40,-24,-29,-45,-44,-8,10,-10,-37,-47,32,36,-7,-46,-46,-5,-39,33,-19,39,48,-10,44,22,41,44,-48,-37,-45,42,50,19,-4,0,-16,50,42,43,-26,-33,-9,-42,-40,-26,-37,-18,47,22,17,45,-31,25,-1,49,-17,-22,-25,-53,-41,37,-5,-12,8,30,22,23,41,-25,-7,18,38,-24,-9,-15,3,12,-13,13,20,11,-5,-38,-38,10,-3,11,29,-35,3,-47,38,-20,-26,1,33,-40,10,23,-41,14,-19,-51,-25,31,-2,-4,5,36,-2,-7,13,37,-46,-51,10,-45,-6,22,-35,-4,30,-20,-20,5,38,-50,-34,-32,-49,-43,-37,-50,-9,-17,-10,-14,47,-38,-16,15,-44,3,-22,-19,-12,-11,20,19,-21,-21,13,-22,33,-20,14,-40,19,-44,13,10,-5,-11,33,-37,47,-4,-46,-22,-52,42,-45,-47,3,-35,51,-38,37,40,22,-38,-7,5,5,-49,-47,21
-34,15,-36,-6,-22,41,0,1,9,-7,-7,4,-44,-9,27,18,12,-17,-1,-3,34,-20,43,36,-44,-22,26,-2,40,17,-26,11,31,23,0,-13,39,-19,-18,-3,46,-23,-50,-35,24,-37,-14,27,-10,9,18,-11,-31,3,-20,41,36,-27,13,15,-27,29,-29,-22,38,44,21,-16,35,-15,-34,21,37,18,10,14,27,-1,-21,-49,-20,-47,-1,27,31,-48,-8,-19,-40,-41,-18,22,-14,27,-23,49,-7,-39,14,-41,-28,-38,-12,-25,-31,-5,20,5,-42,-42,40,-44,31,-50,-25,-4,-4,34,28,-24,-34,-42,-15,-12,-27,-44,6,-36,37,-27,50,-36,4,44,-46,7,21,-25,-33,-47,-27,-41,-28,14,37,-15,-39,-43,42,10,-8,43,41,28,38,32,1,-40,-4,-34,-51,3,-30,21,-16,-40,24,-47,-29,-46,4,-12,14,-4,-10,31,-21,13,-3,-28,-36,-42,-36,19,-19,-43,36,19,16,-29,9,-13,10,-8,21,23,-5,21,-12,-30,18,-3,9,-39,-6,-26,9,16,-32,2,-23,5,14,1,-47,-3,25,-45,2,4,49,-28,23,-40,-50,24,-22,46,42,29,48,-1,-7,-31,-9,-30,46,-42,-47,-33,38,18,-31,12,30,-50,13,33,-47,-37,5,47,14,43,-4,-18,34,-29,-11,27,-32,-26,6,-18,8,-16,-28,49,-29,38,-33,-45,9,-3,41,15,18,31,-1,9,1,3,-25,-5,9,-36,23,10,-36,-30,-39,-25,50,-11,-19,17,34,-24,-50,27,48,-40,4,-16,-26,-15,-19,21,27,-20,39,-5,-46,-25,-46,-7,-18,61,43,-29,-24,-52,26,-43,27,-32,-15,-7,29,43,-35,21,31,6,-46,0,33,-51,39,-51,15,50,-18,-12,-16,-39,-22,1,-23,13,12,-6,47,-37,-41,48,44,5,-12,-44,14,-44,-19,26,-45,-37,35,34,-46,-21,27,-24,43,0,11,-44,35,40,2,6,36,-17,-50,-8,-32,35,-19,-16,-16,-38,-30,-39,-22,16,-26,39,-7,43,-35,21
-43,29,13,-20,-8,10,12,-60,-69,13,17,-19,15,3,18,19,-35,-42,-33,-13,0,-12,-34,-60,-53,-24,-22,25,-30,-44,6,-17,9,37,40,-17,49,33,28,30,-28,36,11,37,-51,-45,38,33,-35,-3,-41,-6,-45,21,-22,11,16,16,32,37,-34,-20,-13,-49,40,4,38,-6,-19,39,-14,29,40,-18,10,-13,-5,5,-48,-48,-40,-45,-11,-68,29,-31,-62,16,-27,-33,-41,-23,-9,-51,-26,-70,-62,19,24,21,-39,-45,-50,-39,2,-40,-23,-4,42,19,-38,35,29,-3,-46,10,10,-50,38,34,-24,48,20,-26,-7,-39,-46,-51,-34,-22,20,9,-39,9,30,15,-12,-54,-45,-39,-37,5,17,-2,31,17,5,-6,31,29,34,-50,18,5,14,15,6,-38,-7,-48,-25,-52,41,-7,34,35,-14,13,-23,16,-19,-33,-43,12,9,27,11,16,-13,26,37,-56,-6,-47,-43,29,-60,-15,-70,-28,31,23,-52,-14,-4,-52,13,-24,-42,34,31,37,-22,-41,-20,49,-24,-56,38,5,-6,-1,-25,-34,14,-17,-46,-32,-31,-28,-3,-46,-23,21,34,-3,-5,-39,34,17,3,-32,49,-35,-5,-50,52,-48,-19,-5,41,45,-30,16,6,-10,-47,36,-26,-54,21,2,-72,-28,-58,14,-61,3,-1,-29,-29,-69,-24,14,-20,13,-19,-16,-34,-60,-52,-25,28,-28,-50,-42,-30,-25,16,15,-30,44,37,-41,-51,-16,-1,-8,-22,25,10,-1,39,-20,-24,1,-12,-34,-56,9,27,24,-30,-14,31,27,21,1,-17,17,-17,-56,-25,38,-34,22,-33,3,-41,48,-8,-64,18,32,31,14,-10,-13,-27,-41,-25,2,-1,27,18,-51,-26,-49,-9,-46,-12,-10,-1,39,-47,-24,-18,0,12,-53,24,37,38,34,38,-54,-45,27,-25,-16,14,17,16,0,-49,30,-7,-43,6,-6,2,1,-10,-2,0,-13,19,-8,-35,27,-3,-5,-50,-19,-59,-21,-11,-7,-46,-23,-13,-42,-25,6,-8,-3,-29,-29,-6,33
-46,5,6,-16,-31,-82,-31,-1,-3,-59,-28,-31,-100,-92,-77,7,-96,-96,-94,-83,-13,-23,-25,-10,-88,21,42,-36,13,32,29,-39,11,-29,-39,-30,-49,-39,24,-3,28,-26,49,-5,24,-26,12,-3,26,-8,39,6,-53,-44,-47,-9,-55,8,-27,18,-2,4,-22,22,-21,30,-15,-9,5,-1,-39,11,-58,-57,30,11,-52,-87,8,-30,20,-59,-50,12,-41,-20,-59,-6,-54,-28,-39,-10,-26,-43,22,22,-73,-72,-3,-14,-49,42,-45,-6,-18,25,22,32,-38,13,20,33,27,-39,-1,9,22,24,15,-33,27,42,-37,32,-6,23,-30,-25,9,0,32,-52,-41,-1,9,-43,-9,-12,2,-30,-60,2,-73,1,-81,-18,6,-44,-66,-59,-38,26,8,-54,-25,26,42,-38,-27,-17,-8,43,24,-15,22,-19,-28,33,-27,-15,-18,-20,35,-42,-52,-7,-16,15,-26,-30,25,-5,-86,-49,-11,-42,-2,-59,-27,-7,-44,-83,7,-2,7,8,-4,-2,1,-18,-49,-22,6,-29,-34,10,-41,22,33,13,-6,-47,-1,-41,-45,-14,8,-50,-64,-16,-61,-61,-33,-68,32,-52,44,-40,-21,11,-51,-16,17,-44,-44,35,40,-32,19,48,-15,20,-18,-35,40,29,-2,49,-23,19,26,-46,-41,7,7,-4,-28,-58,-37,-57,-11,-63,3,-78,-1,-37,-1,-53,-45,-15,8,-28,-19,-65,-17,32,-12,-17,-50,-19,14,40,-11,31,-9,-15,35,-57,-16,1,2,28,-45,18,-24,34,22,-21,-23,17,-17,-24,2,-10,12,-35,-14,-50,-12,13,26,-47,-29,30,-33,18,-49,-26,-50,45,-33,15,-32,39,2,14,15,-41,6,-9,30,-47,33,12,20,-51,16,-37,25,6,38,-6,25,21,-54,7,-54,-9,33,-52,4,37,17,24,-41,34,-37,28,22,18,34,-13,-43,-24,-12,-3,-39,-9,-55,10,37,10,-42,33,-25,21,-35,-54,-25,-51,-1,-33,-69,0,22,25,-48,-37,-34,8,28,-44,-30,-28,-59,2,-41,28,-25,-10
16,39,15,-22,49,-38,33,-25,49,-17,22,51,16,7,-28,11,5,-19,60,-10,-35,-38,12,-2,-42,43,-56,3,45,44,12,14,2,34,-50,19,-40,27,-29,28,-28,7,-16,-12,10,-4,39,58,49,3,-49,-55,57,-49,-17,1,-48,1,-4,-79,-5,-69,3,-24,43,-11,-80,-66,8,-25,-11,-16,-25,-12,22,-19,26,-25,0,-23,7,4,39,20,-51,37,-44,5,1,-20,-52,49,13,10,-54,-48,-38,-56,-19,36,-45,-44,49,-50,17,-43,18,-32,-17,34,-10,-12,28,-40,12,19,14,-41,-8,-36,-13,46,36,-29,-36,9,4,31,-6,-36,3,-9,-28,3,-39,-27,-10,47,59,25,53,56,53,-40,-45,-16,-48,18,24,-16,-55,39,-3,22,1,7,30,63,-33,44,22,-12,25,-31,5,11,34,3,14,35,45,0,6,34,29,-39,25,-29,33,-2,32,60,-33,34,8,24,-1,26,-27,-24,-7,47,15,39,46,-43,14,-14,40,-20,10,26,-30,-14,-5,26,-48,-22,67,-8,-14,-79,-24,8,-48,-4,20,57,18,1,-52,-32,-19,12,-19,48,46,-43,-14,23,-1,42,10,57,9,-32,11,30,34,42,27,10,7,-33,-67,-11,55,-11,29,2,-11,26,-32,35,37,4,18,19,52,-10,-23,35,-20,51,-46,-30,-51,52,17,-60,32,-25,27,50,-11,7,-3,8,-28,-37,2,15,10,-31,47,-32,41,-35,-16,10,29,48,20,25,-47,17,-29,28,15,18,-45,40,-26,42,-24,4,24,-47,-43,-51,25,3,35,-21,-52,15,3,-32,16,11,30,36,-29,-40,-34,-11,86,8,4,47,57,35,20,-5,16,36,-24,-77,25,-10,-32,53,33,32,43,-30,-46,2,14,-24,-26,41,25,44,21,-41,-3,50,-34,45,1,42,31,-43,-23,-14,6,17,-28,39,26,-9,6,-34,43,-32,-45,28,-15,-48,49,-17,9,25,8,-8,4,-24,-26,-3,-16,-16,16,-3,-3,-21,-3,-19,16,-6
7,1,11,30,32,-35,-45,-46,3,9,12,40,6,-39,35,-26,29,-20,-5,2,21,34,2,12,37,-15,-37,7,8,-40,2,-44,24,-9,-23,-12,-28,-19,-39,4,14,6,-6,22,-38,-40,40,20,43,47,29,-18,-50,-50,0,44,-2,-25,45,-18,4,44,36,9,-9,-41,-2,8,-15,23,-44,1,-47,33,16,-39,50,-27,-38,-4,44,15,16,11,17,-43,-20,-40,52,28,-10,-41,39,9,-6,-12,-41,48,-38,-38,-30,23,5,-1,28,-29,39,-38,20,42,15,5,21,50,24,-35,-12,37,4,7,-31,25,1,-24,-14,51,-32,43,-36,-23,51,29,22,-24,-5,2,31,-10,12,-26,-16,-48,-37,25,-34,-26,-30,-46,-16,-39,-44,-22,-16,33,-11,-5,-40,15,-45,49,45,0,21,-20,-9,-6,35,-22,37,-37,5,28,39,-20,-40,14,9,14,23,-25,27,-7,21,42,-11,23,51,-49,25,15,22,-37,-31,16,-38,16,11,41,8,13,29,45,25,-41,-39,33,14,-45,4,43,34,-49,-35,33,-8,29,-44,14,5,-7,9,-39,-19,42,3,-16,-12,-48,1,18,-12,40,11,-4,-50,50,-18,52,-48,20,51,36,-30,37,11,42,-3,-22,-34,20,56,-2,-44,27,0,4,-23,-44,-16,6,4,34,45,16,-40,-18,42,0,29,-42,46,32,13,10,-27,31,37,-16,-23,-1,-38,-38,7,12,2,14,17,28,1,43,19,10,-35,-28,1,-44,22,33,-48,32,-15,-45,36,1,18,-18,22,34,32,-39,43,-21,9,-49,27,37,-32,-44,24,30,-6,-5,12,46,-40,3,17,-42,10,-43,-23,45,43,40,33,-11,-59,-33,-24,27,30,-41,-42,3,-12,22,8,-42,-27,-34,-29,25,-48,19,39,26,14,20,13,5,30,15,12,42,4,-18,-46,-8,9,26,-42,-29,-9,28,-50,6,-25,-25,-2,28,16,-42,-37,-4,-32,6,35,-10,-13,51,-24,-50,-6,-7,-14,-23,-40,-14,-21,-38
-3,-56,4,-28,26,-53,10,-11,14,-58,-28,34,31,-30,-37,-18,-53,-11,-46,-49,-11,-34,-8,31,-16,5,38,20,0,25,4,50,21,19,44,-39,22,9,61,-36,-38,24,-23,58,56,24,30,-12,5,-62,-2,-15,-14,44,-13,-21,-13,-50,1,25,-15,-9,48,66,-37,-31,29,2,30,48,29,-49,0,-57,13,-17,30,-11,-46,-50,13,27,-15,-39,32,0,-52,37,-6,-10,29,16,-10,1,-10,-8,35,1,-30,-21,-1,11,7,-11,-16,-40,15,-47,8,-49,-7,-49,36,-9,50,37,-42,37,-30,-38,1,36,-3,-29,15,36,12,22,17,3,-16,43,-25,-16,22,-40,-7,-57,19,4,25,31,-20,-10,-17,11,-47,-49,39,-31,0,-16,-25,21,28,-12,44,35,-42,-35,-63,36,4,-49,19,-62,-57,-26,-48,-33,-47,43,24,16,27,10,-29,15,-14,34,-8,25,-58,-18,-49,-53,-40,-10,-6,-37,-37,0,-49,26,-3,-48,39,-30,22,-13,-37,-48,-17,17,-38,19,43,13,-39,-17,-12,-33,26,12,-52,27,3,48,-30,-31,-23,2,-48,-23,40,33,-37,-27,-25,46,-6,-45,-6,-43,1,30,-20,-10,-15,-5,-11,51,30,-11,13,38,-11,-11,2,17,-20,-11,-38,-7,26,-51,-14,-45,39,-13,-11,-49,-32,-44,-14,13,3,-35,25,-42,12,-42,-23,1,-40,13,24,28,22,25,-3,29,-10,28,-9,29,47,36,-24,-29,-26,34,39,-6,-47,28,31,45,-38,12,-24,32,29,-16,-2,34,11,-43,36,-34,7,9,27,9,-7,52,-18,-9,11,-35,-4,22,-2,-6,3,8,-13,-55,-33,22,-41,-8,41,-35,-7,24,-9,47,10,-48,-40,4,68,27,-63,45,47,45,0,-34,7,43,-16,20,27,19,-1,-4,30,45,-10,-36,-44,-48,-28,39,17,-6,-33,18,22,21,23,35,-8,34,-43,-10,27,27,-44,11,32,4,-35,34,-23,-28,-18,-34,-36,13,-16,-39,-29,26,-34,7,-57,-46
-44,-20,-29,-38,49,-3,-3,43,11,-38,-2,35,-18,-38,46,-47,16,45,38,-49,36,19,-49,-24,28,-2,23,27,4,-8,42,23,1,-14,32,-11,-29,-6,28,-40,10,22,-11,31,-8,-16,34,-11,19,-44,3,22,-21,27,-21,-44,-41,17,10,-7,-50,-7,24,36,-48,19,-12,50,-30,59,46,3,16,11,21,-44,24,37,-26,-50,-38,-51,-1,-48,20,-28,-48,-18,36,3,43,-2,36,-27,26,15,24,8,-50,-20,51,37,49,23,-22,-33,-26,27,-39,-26,16,26,-6,-42,-2,-23,-45,-32,7,-17,2,-22,-5,-4,37,-5,-20,-50,-15,-18,-21,-10,-50,3,5,-23,13,4,31,26,3,-51,-44,-22,-40,-44,8,-18,22,49,38,28,12,-45,-18,-49,-25,57,-36,2,-1,-48,36,-51,23,-30,51,-20,-31,-7,37,-45,45,-19,-14,-46,-39,40,46,-5,21,-24,-22,-9,39,-9,15,28,42,-10,20,2,-24,-5,-33,23,38,-37,-38,37,-26,15,36,-21,-44,28,-18,-28,23,18,-42,-72,23,-10,-31,-43,17,34,4,-26,-26,-18,22,-4,20,-36,34,-46,-36,-19,-23,-25,7,48,40,-12,-20,-32,1,-64,15,-19,-27,-30,-22,2,-4,-40,-29,-31,41,6,26,-20,-3,15,-41,-16,-48,-47,29,-30,-38,22,44,-12,18,-15,-15,27,29,-9,-13,0,-41,-29,-36,-29,-12,31,-6,43,17,37,31,-38,-44,-38,-25,-24,-21,14,-11,31,37,21,37,42,-49,45,13,36,1,29,17,-13,7,-34,-40,21,-25,-25,41,-4,-16,-20,7,25,35,-3,-8,9,19,-14,15,46,59,-18,26,49,-2,81,44,21,56,-30,-1,5,32,54,30,-7,-30,18,39,-33,56,2,-21,-33,11,16,48,2,41,2,9,4,-4,-37,51,41,34,-50,27,15,33,48,-38,-40,-12,-16,23,26,-18,30,-19,-3,19,45,-19,-51,11,-31,-29,-3,-12,-17,-47,-39,-29,-42,44,-34,-40,45,47,44,-37,-44
26,26,-38,-4,-54,-65,-67,-20,5,3,-51,2,-6,-50,6,-21,-8,-81,10,-27,15,-40,0,4,-52,37,47,-20,5,47,-16,36,-90,-53,5,-17,7,-24,-24,42,-14,-34,30,31,33,-10,17,9,-45,-27,-41,35,24,-23,-43,-7,-2,52,29,-56,-1,42,-15,-77,2,0,-1,3,5,38,-15,-23,-35,28,25,-12,1,-6,18,-26,24,-59,1,-63,14,25,-60,-59,4,24,3,-10,-72,-63,0,-61,14,1,-58,3,-17,5,-18,-40,19,-45,-35,-8,15,9,-14,-3,-36,-13,-19,-18,-26,37,-15,4,-16,24,25,23,-28,27,-6,-2,30,13,20,29,-29,-41,18,34,3,11,-1,-29,-44,21,-67,-8,17,-20,-44,18,-1,-46,50,44,-73,-41,46,-38,-3,-5,23,-9,29,-14,41,-52,12,-3,21,-3,-22,18,-2,-31,-4,-44,-21,-1,-52,31,-38,-11,-43,17,-8,-2,7,41,-61,-39,13,-56,-46,24,9,-40,-45,32,-13,14,-42,-58,-3,-58,-22,-24,-70,-17,-4,-3,60,-39,-32,-10,19,-4,17,13,-17,22,-9,46,74,44,-3,57,43,-53,12,-21,-51,27,38,2,-62,30,52,-16,-14,14,64,4,-18,-19,15,-34,25,44,13,-40,12,26,-19,-13,-63,1,-18,-52,30,-38,-26,10,-39,-64,-77,-63,-38,-64,-69,-20,-23,-22,-21,-1,17,-36,20,1,-3,26,-29,-2,14,-53,-48,22,16,-2,-38,-28,15,45,45,-43,-47,-51,12,26,-34,-36,-39,-19,53,21,-34,-10,-33,20,16,14,-18,-21,-70,21,38,3,-17,23,28,-32,39,-26,-27,36,51,35,52,59,-65,5,-43,-52,16,-12,31,-28,-31,3,-47,56,23,46,13,-7,-14,-27,69,42,25,10,10,76,-10,-49,6,34,13,33,14,29,18,27,-46,16,-8,-21,-39,-17,33,28,-8,-19,45,37,6,-30,37,2,-42,-40,-78,-57,-58,-47,-65,26,25,25,35,-6,-43,-19,-12,-29,-57,-42,-44,-28,-20,-35,32,23
-21,-37,20,-1,3,18,-29,-27,27,7,-48,-26,-36,29,7,-47,36,-27,20,-12,-48,11,20,-69,-7,-2,-39,-24,-68,30,6,-10,-20,-15,-27,25,30,-13,-11,-38,-7,27,-5,54,-4,19,9,22,-29,-9,-39,-28,14,-26,-7,-33,-26,58,-15,-50,0,11,7,-92,-67,29,20,18,-38,40,31,-30,-14,-2,24,-23,-46,-2,-24,35,-26,2,-10,-63,24,6,13,20,-58,33,25,45,-49,-53,34,4,10,15,-3,-32,14,23,-39,-27,-19,32,-7,-33,11,-37,-26,-12,28,29,-32,-22,13,-26,-16,-26,-43,22,-30,37,-48,-7,-31,-28,35,-11,-9,22,-1,-17,-23,-53,7,40,36,31,-41,-4,-48,-29,15,17,-19,28,11,20,32,-25,-43,36,26,-27,-4,26,4,-54,-51,63,59,-20,-26,16,20,38,-13,-21,-13,-25,-21,17,30,-43,18,-11,-4,7,-6,-29,6,-2,40,-18,-33,-52,-42,25,-39,-11,15,47,5,7,26,-27,4,-11,0,-47,21,-2,-21,-31,38,-31,17,25,23,-13,30,34,-24,-24,5,-21,65,-27,-3,34,99,42,34,-36,-35,-30,54,21,18,-7,-17,15,-27,-28,35,12,72,-16,44,28,25,23,12,-40,-15,46,27,-20,-59,-32,-28,14,-40,-42,7,-47,-24,-40,-31,-59,-48,-38,-21,-40,-55,-3,15,-4,-39,22,-37,-34,1,-14,-26,25,3,-22,12,43,41,-40,2,-32,-10,-3,-45,-13,16,-9,24,17,-32,-18,4,5,38,-12,34,-8,-46,-26,-17,7,15,-15,13,-14,-30,-1,8,-13,-7,16,48,19,-29,5,60,-44,-44,56,32,26,-23,26,23,40,43,-6,5,25,-20,8,-6,-35,-19,30,22,-4,28,51,-32,25,-57,29,89,35,40,-26,25,-50,39,-25,-33,42,-31,-48,1,35,-15,-20,-25,5,46,-18,-49,25,-4,-49,-1,34,-45,26,50,12,-15,12,-55,22,18,-27,22,7,22,26,11,-39,-41,-3,23,-26,-38,27,-59,53,-9,25
-22,-5,-47,-11,-21,22,5,-39,52,-25,37,20,-7,-4,-23,47,34,-11,-18,-38,54,48,54,-41,-8,-27,9,-36,-41,-9,-24,-41,-7,-38,-2,14,-2,66,50,27,57,26,42,-31,-22,20,32,35,9,31,-29,48,-5,-34,-39,40,0,4,-9,7,8,-50,-60,-43,7,48,46,42,5,8,-8,53,17,14,3,-3,33,-17,-21,0,15,45,16,20,-46,-30,-13,-8,32,-35,23,49,-16,38,-17,-12,-26,34,33,-11,17,25,39,34,-41,3,-9,40,-32,35,8,17,-28,-37,27,29,-3,-39,-47,39,-34,1,-13,-33,-49,33,39,-21,36,47,-2,-21,-27,-19,5,18,25,18,19,-41,31,-2,-21,-49,11,25,-6,44,0,50,-9,-45,44,-9,-44,13,-11,-30,-14,-13,-24,15,29,26,-41,-17,69,-31,46,-11,18,-8,14,6,-51,-17,13,13,29,-49,-1,34,-4,-8,42,3,51,17,2,15,16,37,30,-3,-41,-39,-45,-48,-34,6,50,7,61,-20,20,44,-27,10,4,54,-40,5,43,1,-40,-13,-30,-13,44,33,19,-11,-57,-47,31,-8,33,-36,-30,49,-26,-40,-31,-32,32,30,-4,-29,-4,-3,45,-8,-53,-26,2,-29,-21,-4,-31,38,-23,30,-23,2,50,-48,-26,47,-41,-41,9,39,-8,15,-24,52,-39,12,-4,-25,16,-38,-10,-32,38,-46,-12,-30,6,25,15,11,-33,13,29,29,23,28,-26,2,-26,48,-9,-13,0,-35,-23,27,-38,-16,3,32,44,-33,45,-29,-19,31,13,-24,-37,54,-28,16,-1,2,36,-5,-49,1,30,11,-39,71,-2,-20,39,30,-39,32,26,36,10,-16,35,62,-12,51,50,-31,50,8,2,-6,-2,-4,35,48,-45,34,-23,-15,33,49,43,-39,-9,11,-44,-48,4,-30,-5,-16,-4,18,-42,15,44,-12,17,-48,-14,-33,27,15,57,47,16,34,8,31,38,-35,23,10,-21,34,1,18,19,37,14,-47,5,-7,-41,-28,-33,-10
-36,23,-45,34,-35,30,-7,-18,-39,29,-10,3,17,-46,-14,-38,-5,-39,11,48,-21,41,42,-36,46,37,-7,-40,-4,29,-21,31,30,-15,31,-46,-35,5,-40,-15,-22,-48,24,-3,-14,15,0,35,45,-38,7,-6,-29,-34,-3,-2,-22,13,-31,-30,54,1,6,-15,48,11,7,11,20,-52,-49,29,32,44,-18,45,-6,-40,-10,-16,3,-48,-5,-26,-33,27,46,-5,-5,-13,-6,6,47,8,-42,0,27,-42,-11,31,-19,48,13,16,-45,42,-11,-34,-22,-38,-26,-26,-12,28,16,-4,16,-23,35,-5,-13,44,28,33,-12,-23,20,-32,-26,39,-34,49,-1,0,-17,-29,-32,-32,15,16,21,-35,-18,-7,-41,45,15,23,11,-11,-10,-2,-29,-17,36,15,35,42,-9,36,34,-48,10,23,26,-46,-10,-22,44,-42,16,-11,-24,-15,-12,-13,-43,49,-21,4,-17,1,-21,-16,42,-9,15,-39,42,43,0,-21,34,11,-22,-13,10,-14,-24,23,-12,-2,22,-54,-17,-42,-25,32,-21,21,26,17,0,-40,6,22,-13,8,29,-38,-7,-8,-33,-19,13,18,14,-9,36,-47,11,-1,16,17,25,-22,-13,26,42,42,-3,-38,-33,-30,-24,41,-14,4,5,48,-16,19,30,-51,-49,-4,-20,-10,-10,46,-41,30,6,-21,41,49,-49,-12,-32,-39,18,-20,24,-11,-34,46,-24,38,-37,6,-19,28,9,-18,-44,-22,31,-43,-16,28,49,8,35,46,-4,16,-38,-7,-6,26,0,29,-42,-52,30,29,22,25,-9,35,45,-47,-13,-41,-1,-12,26,-45,-44,26,13,30,0,17,5,-56,42,10,-43,25,0,-43,25,-8,-42,-48,10,26,38,-49,-16,-4,-28,32,-58,-41,-30,-18,-12,-35,26,50,47,-4,7,28,-46,-1,-12,-24,-38,-46,-38,41,-27,34,23,48,26,-30,34,-31,17,-19,47,-10,-16,-48,33,-42,-5,31,-41,-40,-18,30,-33,13,-23,-15,51,-4,28,-26,-18,-44,48,30,-36,6
10,-41,17,38,-12,8,2,18,18,-51,26,28,-26,33,-15,-4,-15,-53,22,0,8,3,-65,-5,-57,48,55,33,-14,-56,31,-16,25,-49,-52,-35,40,0,1,-9,-44,8,-15,26,-26,-20,31,45,3,3,8,-28,-11,-61,38,97,50,-32,49,-21,-10,-14,-48,7,36,8,-55,-75,-43,30,-16,-12,-57,-8,8,-9,28,-30,17,39,-35,-52,-36,-52,27,17,-24,-48,-2,38,22,43,-20,-38,-18,25,13,-26,-57,47,33,5,26,36,-36,27,-25,-30,-37,-33,35,-12,-48,5,31,21,45,19,-46,-37,-38,-31,14,14,43,-16,-19,6,-27,-2,-25,7,-28,15,36,-18,16,-57,39,29,4,13,-46,42,-42,-52,-57,-26,-13,-12,17,3,5,-10,-1,33,37,22,24,3,-51,-15,-31,21,-43,3,22,-20,43,4,-16,-40,-2,-6,44,40,1,47,1,9,28,-19,6,34,-47,16,-1,-44,-45,18,-15,-31,-4,-45,-37,1,-18,37,-5,7,14,30,-6,25,-37,49,55,15,-27,28,44,-51,-17,6,12,-6,20,45,-45,35,-48,-33,21,47,41,-41,-40,-38,25,-52,-10,23,66,-3,27,-25,-9,3,37,16,38,-10,47,-14,30,22,-5,-31,35,41,44,1,29,36,-20,-37,-46,-18,-42,-42,-31,-53,-18,29,-43,24,-8,34,33,-29,23,-4,30,1,23,-8,-50,-10,-50,-39,-34,46,0,17,45,9,28,-15,-42,46,9,-36,-42,-22,30,40,-16,15,-33,-47,-27,-58,-41,18,18,-7,44,39,-6,-27,40,12,23,9,2,14,-1,-50,25,-18,17,-6,18,-53,-17,6,-44,49,19,-9,-1,-12,-38,17,18,20,-55,-36,-56,28,-38,33,-50,20,28,24,20,-13,9,-30,-4,46,17,-48,-38,6,-4,42,-12,18,-51,2,38,-11,-45,-23,31,12,-46,-10,30,-10,-6,-6,-48,-17,-2,17,21,-44,-34,18,11,-24,-3,10,-35,36,26,12,29,-58,36,-21,-8,27,47,17,-18,38
-46,-36,-30,14,-23,32,26,-21,-47,-2,-45,3,30,48,30,-50,11,-38,-14,-7,48,37,-41,13,22,44,-16,51,-29,-30,13,4,-45,-6,-6,34,28,-2,43,-25,37,2,34,-1,38,-17,19,49,-61,15,-43,59,-5,19,-46,-14,20,46,27,7,-46,22,-3,-41,-16,3,-43,0,-35,-25,-8,-21,28,-9,45,-2,-44,-41,2,-25,-48,33,-41,18,-16,-8,36,42,-20,-41,12,-15,-43,-22,-30,-11,51,-42,-35,3,-26,-43,-42,-40,-18,-38,8,-12,6,-16,46,-46,3,-29,31,-29,-11,25,12,-2,-16,37,25,-49,15,-9,-31,-22,7,-44,3,-14,-21,-13,47,-37,-36,-37,-1,-51,-27,43,-25,-3,-27,5,-17,27,47,34,35,24,28,-54,38,-33,34,25,-48,50,21,-47,-22,-12,29,-26,41,-25,-2,29,-1,-38,8,-38,-8,39,29,49,6,-26,-50,-35,-23,-9,-13,36,49,45,32,38,30,42,39,-32,-34,-38,-38,30,11,-49,23,5,41,8,-34,7,18,27,-24,-47,-44,-39,-35,24,35,-5,5,33,7,42,20,66,-5,-7,46,-33,13,-47,28,-54,-12,-6,7,-26,24,-5,35,49,29,8,6,40,29,12,-41,46,-26,-12,21,26,-17,-16,-50,-6,15,-38,18,-36,-24,-14,-29,-26,12,-50,-22,14,25,23,44,42,-34,-9,14,-1,7,-10,-7,46,-27,25,-35,38,-44,17,24,0,-27,2,9,23,-29,17,33,19,34,42,24,-6,-30,-30,-33,38,-18,-39,-35,-7,-63,-7,-54,7,-20,-12,-22,30,48,-43,-59,-44,-9,-7,-6,26,59,15,48,12,13,-52,16,12,21,-24,-23,-56,-18,6,-21,-27,-40,3,-60,12,-8,-39,-14,-60,46,2,-24,-37,-7,-35,15,10,-31,50,39,-26,-42,-24,-30,3,-26,-2,-31,-8,-37,6,43,10,-30,-14,8,-51,42,-24,49,-41,-39,-18,9,-20,44,51,-35,-15,9,-15,54,15,-34,43,-27,24,23,25,25,12,-12,8
38,-2,10,19,35,-27,7,-10,-55,1,-50,37,9,37,42,-1,-15,-20,-31,-8,0,39,24,-25,-13,2,-38,26,28,42,-12,16,-5,21,32,-3,-13,-60,47,4,-23,-14,-17,20,13,-14,-20,-30,-37,-23,9,-74,43,39,21,32,35,5,-5,12,95,-14,0,-27,10,58,45,41,52,4,40,13,17,13,-34,-37,-35,-38,-34,-27,16,-32,46,-2,13,-32,22,-40,8,-29,-37,-54,-35,-49,-2,48,15,-17,18,2,-35,-43,-12,-49,-43,-36,-9,12,-14,25,-48,21,-38,-40,-44,4,49,-28,9,-8,37,-3,3,-16,-11,-7,-6,-27,11,33,-44,34,-35,39,18,-28,33,9,-58,-29,-30,23,-15,-50,40,-29,23,-13,2,43,27,58,-22,-70,5,23,-66,13,43,53,-2,-2,-39,27,-4,-20,-8,-35,-2,40,-19,55,40,-31,-48,39,15,-42,24,34,-39,11,28,-7,-29,35,-6,-37,-39,-35,5,19,21,-44,-36,14,-4,-4,33,-31,-25,20,-21,-46,-12,20,-33,8,47,-50,57,56,31,37,27,57,68,-3,5,38,47,95,-23,23,55,19,-25,24,-65,-42,-50,51,-19,-49,3,16,2,-37,-6,31,-32,37,9,44,-19,-37,-25,-19,-9,-18,-42,-46,-20,20,7,33,33,-56,-10,37,-50,-12,-26,-48,23,-4,29,-35,33,8,-27,18,-49,24,50,-11,14,-25,21,-13,41,-33,40,28,-13,5,-4,-21,-31,35,41,27,18,34,-39,-6,-40,28,-26,-19,52,5,-25,-42,-2,-53,-36,32,-41,-24,-33,-6,87,72,69,-27,26,1,-11,-35,-25,43,-22,-5,-21,25,-73,6,-26,10,-79,-93,-26,2,21,-19,-73,16,-6,-30,-10,38,63,-27,20,-10,31,21,34,-37,-35,-25,47,23,-38,-46,29,-1,30,6,20,-52,5,18,-34,-6,-31,38,-23,-25,40,-43,-47,1,26,0,24,46,-52,24,5,11,46,-39,3,-28,-14,-35,-34,23,-10,11,-58,-14,14,46,34,-31,15,-32
-36,-73,-64,-16,-60,-27,13,-30,1,-4,-69,-40,-4,-19,-56,-21,-84,-82,-38,-73,-68,-35,-87,-24,-70,-39,14,19,-27,26,-14,-22,-24,41,13,-21,9,-39,24,15,41,-45,6,-11,19,5,3,-14,-42,-29,24,-5,3,-18,30,-13,-11,-24,-56,-36,-24,-7,-18,-40,-54,-40,41,29,40,-60,36,-41,19,-11,-44,38,-70,4,24,-56,-51,-28,1,7,-47,-18,-3,-46,-45,32,-44,5,10,-15,-15,-21,-31,-52,-46,38,28,12,-27,42,-29,-38,38,-16,-33,-35,-29,-11,22,-29,37,-22,-50,-44,1,-1,-17,37,-6,29,34,-46,19,-31,-62,12,16,12,1,6,3,-57,14,-39,-22,-26,-60,-70,-18,-64,7,-54,6,-28,-10,3,-65,-21,32,-48,5,-35,-13,18,34,-33,30,-10,-48,-17,43,-58,-23,34,-44,-45,32,37,-18,15,11,1,31,-35,-9,24,-17,-12,-6,-51,-14,4,-11,-61,9,-75,-47,-31,-74,-33,-62,-47,7,-19,-70,-24,34,1,-14,-23,-40,-19,41,38,-6,-2,33,15,-17,-5,-61,38,-14,-52,40,-3,8,-17,36,19,12,-41,-12,-50,25,16,11,32,28,-25,18,-5,-37,20,-37,9,-51,-36,-6,-17,42,25,-15,-37,-4,-28,28,-16,-18,-11,-54,20,4,-42,-9,2,-52,-64,-14,-47,-2,21,-67,-65,-77,-37,25,22,22,-47,-39,-48,29,-8,-20,-18,24,17,36,9,-1,-49,9,-56,-35,29,-16,-19,6,-32,-34,-40,-43,-2,26,-16,2,-33,-12,41,-21,-21,12,-35,7,-42,34,10,7,-42,-10,-20,12,20,-45,12,34,-30,-12,-49,-37,10,25,-33,-33,-17,38,16,48,31,16,-50,-35,-26,9,-48,-12,-56,33,26,38,40,-25,-60,-45,-59,28,24,-53,36,35,-38,21,-24,27,0,16,26,30,12,21,4,-31,3,34,-33,-17,14,-30,-6,-13,15,-26,-47,9,32,-36,-54,21,-52,-54,-16,-22,4,26,10,-17,39,-33,25,-56,-17,1,25,-53,-21
23,17,-13,-31,-10,45,-33,35,8,15,3,-28,10,-22,-39,-50,-25,-4,14,-47,1,9,37,24,31,16,-46,-43,-3,43,29,10,-20,-13,2,22,24,-7,12,-63,33,-23,-25,20,-6,-36,13,20,57,10,-3,-40,-57,-68,-2,-27,-14,-90,-35,-51,45,-16,-29,-33,1,20,82,5,21,14,-46,-51,-17,6,3,16,-23,16,-49,37,11,-10,-4,-23,-26,16,6,-17,2,-50,-36,-36,-35,-43,12,-48,-14,11,24,-45,50,31,-24,42,21,28,40,9,-2,-27,51,44,-20,51,-34,6,-11,-43,32,-3,1,5,48,21,10,-16,0,-18,-26,-14,46,-50,-34,-29,-50,16,-33,-46,-39,7,37,46,-35,-3,-46,12,14,-20,-35,-21,8,-23,16,46,39,33,5,9,35,38,26,4,26,29,-22,-21,-5,20,1,-30,-1,-30,53,-32,23,-22,41,-42,-5,1,22,32,-39,-23,-24,27,16,-31,-51,43,-13,35,-39,44,-18,-22,15,26,48,1,30,3,-20,-28,56,21,5,10,-56,-27,6,34,49,-25,-45,2,-19,52,31,-8,30,-22,18,20,-8,-30,-7,15,-20,-12,29,47,-20,27,41,-12,-14,29,-58,37,-42,50,6,3,31,4,18,33,-39,-5,38,-19,-22,10,-25,-4,2,-3,-37,39,-48,18,-22,37,21,-49,-4,-52,-10,-31,39,-14,25,7,33,-7,-17,31,49,-34,-20,-5,21,45,9,50,42,-12,-35,15,27,14,8,5,-33,32,-38,-44,-40,4,48,4,-57,36,16,-2,-63,-9,51,-40,-45,-23,21,23,10,49,10,53,45,39,-24,-3,36,2,10,-13,5,17,33,25,-19,-8,2,14,-40,5,-9,-1,44,9,3,-14,-17,74,62,-35,17,17,38,16,-48,-6,-40,40,4,20,-46,25,7,-35,-47,-2,45,-30,20,4,-11,-19,44,-43,-19,-19,-34,26,48,25,44,-26,50,14,8,34,-12,-39,16,-18,-16,3,1,-21,35,31,-25,3,-37,21,40,7,-43,32
-42,48,6,-7,16,-28,55,-40,59,-32,47,61,-26,-30,8,-16,-40,16,57,21,13,-40,2,-32,48,-55,-29,26,42,-48,27,-51,-27,-5,44,3,-39,-38,8,-14,27,-12,-8,-68,23,40,21,13,-19,-6,-7,-6,-124,-44,-36,-6,-11,-52,63,-15,-11,-4,-20,-20,36,26,64,-34,-13,38,8,17,11,-5,11,46,-19,-32,-30,20,42,-22,-26,20,13,69,23,-8,48,26,23,4,-9,34,29,-49,-14,-37,-20,43,22,26,-10,-33,-43,-22,24,-20,-3,5,39,49,-35,44,-27,1,-2,6,-2,-30,-7,-13,-40,50,-15,-14,5,40,-6,-14,51,-35,31,27,29,-22,7,-8,40,45,1,33,28,36,43,-15,-25,24,-2,17,7,56,-6,-14,55,53,15,-36,-18,-9,-18,8,43,-2,5,38,22,-11,23,56,7,-12,38,15,27,35,-4,-33,51,-33,-19,-12,-5,41,44,28,60,-27,-8,-29,8,6,31,-7,50,57,51,41,-7,-21,27,47,28,8,41,13,29,-4,7,-40,38,-28,41,12,-45,7,36,10,-4,-8,2,-25,-10,29,9,-29,-38,53,-32,-29,-36,53,46,-35,17,5,-4,-12,-28,-7,36,-19,28,-10,19,-27,-6,-3,32,-40,-28,28,21,59,52,6,15,-31,13,10,0,69,11,-21,-29,21,-8,34,-21,-37,34,-7,17,25,-44,20,7,25,-45,0,-31,39,-38,-9,6,2,11,1,-35,-18,-23,55,-7,40,-26,32,4,-13,-15,-30,-63,-32,45,50,-10,-37,6,16,5,22,11,-1,-86,-90,-10,-9,-24,8,0,-51,25,0,-6,10,1,25,3,13,-3,2,-5,29,-27,-28,-24,-23,-20,-4,22,-26,50,46,37,-26,-16,2,29,-36,-5,13,24,-31,3,-46,52,37,-10,-22,20,23,33,-10,-10,-43,-23,31,-5,-42,-10,27,-34,-20,40,-10,-46,-20,-7,29,8,36,57,58,-4,14,46,-17,33,-45,41,25,35,2,54,-3,4,27,-8,4,10,29
-16,44,-4,-12,-47,20,37,8,-40,-40,-21,48,-6,22,-37,45,-36,42,30,10,-28,-14,-50,-12,-1,-36,-15,-10,-18,-24,9,39,79,11,57,1,58,50,35,-17,-32,-47,-38,-1,-5,42,-7,-52,-10,-51,-40,27,17,-3,69,-26,75,-5,-21,65,60,13,13,-29,-41,17,9,-32,2,17,-6,-4,15,42,-17,-9,14,-30,-1,28,1,-11,-35,33,-3,-51,38,43,-2,-27,14,41,14,-42,-47,-14,48,15,-23,-19,-21,-20,-12,-48,-39,12,22,-36,38,-35,16,-46,16,43,-36,36,27,47,0,0,13,12,-21,15,19,-7,-27,6,-7,39,21,49,1,39,-37,-36,-26,-12,-51,37,-45,47,-39,15,8,15,-26,17,9,18,41,30,-16,26,28,-13,-18,5,12,46,-2,-12,26,-47,32,4,43,-39,44,-5,-43,-18,5,6,12,-14,9,4,-45,-24,-50,-11,29,46,-22,-44,-11,-48,20,-11,30,-37,-33,-42,8,50,-27,-34,5,-35,29,43,43,43,-13,21,-3,-11,-20,-9,-8,65,-76,-58,8,-47,-28,-50,24,37,13,52,-20,37,-23,-18,10,6,-54,33,-24,-4,21,16,19,46,-14,-41,-1,59,-8,51,10,-39,-16,-19,38,-29,2,21,41,-22,0,43,-11,32,-6,-3,-38,-18,-30,-26,-15,11,-14,14,-41,-23,49,2,30,-9,-45,32,47,-28,6,26,-14,-3,-31,48,-49,39,-13,-7,20,-39,-12,23,41,22,-20,-21,16,-23,21,-37,13,47,-37,8,-8,87,10,41,-4,-30,-4,48,42,-23,-63,4,-35,17,-4,-48,-6,-10,3,33,-50,4,7,16,-12,-7,21,29,-51,64,55,15,49,39,4,50,3,-8,64,48,5,20,16,35,-18,44,-35,-27,26,7,-16,-43,45,1,41,0,-18,41,-40,42,47,-29,-43,-3,7,48,-49,16,-51,25,24,28,20,39,-15,2,27,-6,15,21,12,33,-14,-12,42,67,25,-35,-49,14,31,23,-27,-38,-41,5,-26,35
-40,-51,-3,-23,-10,32,-15,-23,5,25,-12,8,-43,-55,-45,14,-25,-38,10,22,-28,12,23,7,-58,8,-6,-29,37,25,-52,-23,15,-1,-31,-20,26,-48,13,-52,-43,19,-18,29,30,24,48,40,-47,-28,35,-2,-58,36,37,-48,30,35,-49,31,14,-39,31,21,-52,-23,16,3,34,6,-25,3,-23,-46,-37,-46,3,14,-37,11,-25,7,-20,-41,31,-10,-51,31,-22,-37,11,2,8,32,-35,22,-63,-14,-35,11,-23,33,-7,46,-30,-24,-7,46,19,24,-31,-12,-34,29,-44,14,-3,-22,-30,34,-45,34,15,11,31,34,11,33,-26,26,38,-56,-59,18,-59,-51,31,-11,-25,39,-4,-1,-17,28,25,-6,0,-44,-33,30,-37,-39,40,-46,28,-19,26,41,-6,22,-47,8,5,17,20,-36,21,18,-37,-4,2,-36,-48,-16,14,-44,-5,-44,-9,34,-48,34,-56,-50,-18,3,-27,8,-10,-36,23,29,-60,-53,37,-42,-3,35,19,-21,-45,-15,30,31,-25,17,-52,-28,-45,-52,21,-1,32,28,-14,-49,-41,23,-50,28,7,-12,-48,3,-8,-45,44,29,-21,-34,-46,-32,-36,47,-28,-11,13,-50,-47,21,-15,8,43,39,22,23,-32,-18,-18,-46,20,-45,14,10,26,-6,36,-8,-26,-43,-22,-38,-7,31,38,-33,-47,-25,-8,1,-15,-2,-62,3,-5,-18,-51,-47,-17,47,43,42,-18,-27,-15,15,45,0,-47,-4,-17,-29,-54,32,21,-6,40,-13,-41,25,10,-37,-47,-10,-5,17,34,16,39,24,-27,40,-2,-24,-42,-2,-20,32,-53,-22,33,-37,4,-49,23,7,-2,22,43,20,-50,-3,46,-1,-7,5,24,1,19,-48,-34,-43,-17,18,-31,9,-26,-10,-12,-48,-8,-31,47,-26,-11,41,44,-25,43,5,-48,-10,45,25,-48,-11,9,-42,33,-46,-27,-1,-30,37,1,-26,-1,-13,10,46,-9,-40,43,-10,7,-24,-30,2,-43,-32,23,-23,-29,-41,31,22,-8,-17,33,22
-9,32,-28,-14,-38,47,-23,-44,44,-35,8,-27,-51,-46,41,-16,-3,19,13,-33,-48,-16,44,-19,7,24,30,-31,-47,23,-18,-37,-50,-13,21,-4,-27,-7,28,-16,-29,39,-23,22,3,-34,-38,-29,49,48,39,-12,-35,-38,-12,15,32,17,-37,-31,11,-40,-34,-2,38,32,36,-13,48,-37,17,-8,-24,12,-12,-31,-42,-35,11,49,-42,33,14,-23,-4,7,23,-49,21,-41,3,-48,-25,13,-12,10,-30,-12,28,-10,25,-43,21,-20,20,15,22,-2,-5,-24,-37,10,-3,47,23,-10,-24,18,-45,-27,-5,-24,-5,24,25,-28,-37,-15,19,2,-43,28,4,-47,-32,1,30,44,46,-50,-22,-11,37,14,42,10,-48,48,-35,45,35,-2,-47,-8,6,46,26,14,-25,23,5,47,1,-21,15,39,-49,1,-47,-3,-30,-29,32,5,-6,47,47,19,-38,-28,-34,19,-40,46,-36,-36,40,-37,41,15,-8,-47,20,0,-30,13,44,-11,0,35,3,-51,-36,28,45,23,-35,38,-1,35,-28,24,-48,-32,33,-24,5,-43,-36,21,-38,1,-41,-34,-23,12,7,-26,-29,-11,-41,-50,35,-1,-13,-2,-37,-44,-26,29,-18,4,-25,15,-38,48,17,17,-14,-21,-22,12,31,-48,-35,42,34,-15,32,-47,-48,-48,23,-2,-17,26,27,-28,-35,-28,3,25,37,-50,48,26,-30,21,17,45,50,-22,27,31,-2,-32,27,23,3,24,44,47,-10,38,-46,-28,-40,-44,9,-21,11,-14,35,24,-19,-20,51,33,-43,5,-38,-8,3,12,12,50,-44,35,25,-18,-26,-37,13,0,7,35,47,39,-10,18,-23,-23,38,-1,-50,-32,-12,-40,-6,-47,14,38,-35,16,-48,41,23,-9,-19,38,33,46,22,33,15,36,-33,5,-30,-7,-34,-16,-34,-19,43,29,-17,-36,-6,-2,29,-49,-2,-11,-33,-23,-41,-36,21,31,39,-27,40,10,6,-48,35,-35,46,45,36,-43,-13,-47,-39,27,-4,38,-29,21
43,11,-45,28,24,-9,-9,-2,-42,-18,-21,-46,-35,-29,2,-33,14,-33,19,45,45,-19,19,-41,32,22,-24,-29,-38,31,-39,41,-37,-28,-42,-40,3,4,-12,44,15,-12,-4,-4,34,-18,35,1,-35,-41,49,3,36,-53,-28,-23,-9,14,6,23,27,-3,-24,32,37,-50,-31,62,39,-10,21,-60,-21,-4,47,-32,-48,20,-29,-12,-26,-21,28,46,-32,-50,32,16,-28,2,29,-45,45,-16,32,16,3,-23,46,-25,-36,30,15,9,-21,-28,-35,-9,3,36,-28,2,22,0,30,-6,42,-17,28,34,-21,-44,-28,-32,-4,14,24,13,12,3,3,35,32,24,18,20,-7,20,23,-3,-47,39,-34,-15,28,43,24,-27,6,34,23,-31,-52,-44,2,1,2,-54,2,39,29,5,15,-16,20,-40,2,-15,-7,-15,-21,43,-16,-38,32,3,32,46,28,-10,35,12,24,-27,-35,-29,14,-14,-48,-5,41,-29,27,-17,-24,-45,-45,-2,32,10,53,57,9,27,-40,11,20,-25,-38,-21,-6,18,-34,-18,16,-10,-3,-15,-11,31,-31,-35,2,29,-53,19,-8,-37,14,40,-30,-8,28,-44,46,-13,3,-18,-12,32,13,15,-15,-43,-15,-1,50,-10,5,-53,5,-23,-42,-45,33,12,-18,-20,11,30,-28,-39,7,31,16,-23,-46,-48,-44,-39,7,12,10,-4,-28,9,-3,-5,-19,-42,-41,21,33,15,-8,44,42,24,28,44,32,-47,39,21,-42,-34,-17,42,10,19,-36,9,-25,32,11,-3,56,-37,-27,-30,-39,23,-5,11,-22,6,37,-13,36,50,-52,19,33,27,-42,-18,45,-2,-15,41,-37,15,-17,54,37,-4,48,31,54,27,-19,-8,44,2,-34,13,32,-34,-35,-29,9,-1,47,1,-5,-3,7,37,-7,48,-35,22,-1,39,-47,4,-34,12,38,-14,-19,38,-37,-15,24,21,-15,-32,-1,-37,-49,-47,11,-21,18,23,-32,39,10,7,-25,14,-21,-49,-3,43,-37,-10,-53,-52
45,17,1,54,14,-24,26,57,-1,-25,10,-29,-7,45,-26,-26,-44,14,-37,-44,23,17,41,40,-26,-52,-46,-15,35,31,-13,-21,38,9,-29,13,-24,-1,-41,-7,46,18,-44,-2,-13,7,-38,11,47,15,18,-2,4,47,-37,10,-8,-11,-46,39,2,-1,-18,22,5,14,22,29,59,-7,34,-13,-26,-8,60,7,-40,-6,-15,-29,32,-24,30,28,33,-27,1,40,25,-31,42,35,-41,41,1,-35,-19,9,13,-6,-45,36,-3,18,13,17,21,28,25,-13,6,-24,-1,35,49,-3,-33,11,-14,38,-35,17,17,5,32,47,0,5,-40,-40,-24,-3,23,50,27,-46,-47,-44,-2,-24,-28,-42,41,-24,-31,1,38,51,11,-34,60,5,-45,-27,52,-21,29,-12,-4,57,-1,21,-69,-11,10,3,-36,-19,-54,34,12,3,-56,-7,30,-38,-47,-16,47,-47,-30,14,52,6,-27,45,40,-18,10,51,5,-3,39,36,-34,-3,22,-7,-30,29,27,25,-31,-12,7,-27,38,-39,-39,-47,-3,2,8,-45,-71,-26,3,15,6,-26,5,11,68,-6,15,-28,42,14,-39,17,5,34,48,-2,-51,35,-39,-48,32,14,-47,9,26,-29,-10,-27,-23,16,12,-45,-29,-34,-25,12,46,3,9,-1,-19,53,-23,-3,28,-6,0,22,15,22,26,27,48,-36,33,-9,-9,-9,-42,-42,27,-29,-42,37,27,1,5,38,-31,0,46,4,-3,45,-2,35,-32,34,44,-29,35,17,42,40,59,55,-12,0,23,-32,37,-11,19,18,29,2,12,-35,72,-30,-14,-26,-22,20,-9,37,43,23,45,-27,76,14,23,1,-54,-41,-14,-28,-30,-70,1,-16,-27,9,-26,62,-50,34,-5,13,32,-11,38,-5,48,47,0,24,53,5,14,4,-42,-35,1,0,50,-25,-42,1,45,42,-35,-19,-49,35,-9,30,-3,-10,-50,-53,-8,29,42,41,10,-2,-42,-2,25,4,32,-21,4,-26,-32,35,30,42,35,39
15,-2,-5,3,33,-23,28,-28,44,3,-11,-3,-48,-2,-25,6,-19,37,-49,-1,2,-29,-29,18,19,-48,-47,-13,-44,10,17,43,-43,-1,9,0,-26,48,-25,-27,11,-39,-6,-10,23,-24,-47,-19,-34,21,-26,-31,14,34,-28,-47,-22,-15,24,-31,14,-29,-40,40,-40,35,29,38,-31,-40,38,9,-48,-10,33,-17,-4,-27,-35,-43,34,22,-39,5,23,50,-35,-6,41,27,9,38,10,22,-6,2,9,17,-9,14,-17,26,11,28,-17,-15,-47,-16,-34,-31,-31,-39,39,-6,-5,8,49,30,6,48,10,31,-46,-33,44,4,-23,15,-48,37,-1,-16,-48,-3,6,23,27,9,11,23,35,32,-4,-3,0,3,25,-35,-23,45,26,49,28,47,-24,32,-48,15,-38,-3,44,-39,-34,13,8,-11,-5,-2,4,37,-12,-11,44,-24,28,29,-24,-10,16,40,45,-39,-32,-41,40,45,21,27,34,-3,-15,-13,-39,-19,-32,24,18,40,16,-49,-32,14,-10,-38,32,39,7,-12,-43,-31,-13,-48,4,-13,-47,8,-10,49,-13,17,26,-28,7,-15,38,16,21,-47,-4,-47,25,-41,23,4,-27,15,-37,-45,39,19,27,15,9,-27,-38,44,45,44,36,-31,-48,-43,-49,-20,51,46,-21,-5,-27,31,-46,-27,-24,-50,-6,47,0,-37,4,-18,-7,10,32,23,-37,33,-14,-2,-4,-49,12,-11,-16,-14,-44,-26,-45,-33,12,19,-3,-12,25,8,-46,49,-12,-28,-3,42,19,-2,31,-1,8,-27,8,-24,-42,16,25,-16,3,-36,13,35,-31,-49,28,-18,-22,9,44,-38,33,26,32,7,-21,42,-48,-6,36,42,0,14,38,10,47,-36,8,-48,-43,23,-49,16,46,-28,-2,-43,-26,-49,29,35,-20,-29,-38,11,38,11,-27,-1,-49,-33,-25,41,-47,9,26,33,-38,22,38,0,-28,-23,35,-31,11,38,40,34,48,-35,-40,-49,-22,47,-38,38,11,22,-18,44,-21,-24,-29,-41,-34,-22
38,32,1,-27,22,-26,-43,40,11,17,20,4,-41,3,-9,2,-28,18,-9,-46,23,-9,-48,0,-21,10,35,-32,-10,41,45,63,-7,-44,-12,-15,-49,-44,-54,7,5,15,16,-36,40,33,-11,-43,34,-41,2,34,-38,15,-53,-25,3,-48,-33,-17,-26,4,36,33,10,-26,42,65,25,34,-33,11,-24,-31,13,5,-9,-16,14,-27,9,9,13,1,34,6,-21,-28,-51,-46,28,0,-33,26,3,26,36,-10,-42,-5,25,-12,37,-6,-23,4,-40,-11,5,-49,-4,35,-41,21,-44,-30,-33,-48,49,-48,33,-7,36,6,-21,-23,-6,-12,-21,-50,-31,-25,34,-29,8,-11,-24,4,-33,16,-14,-34,-10,-53,43,4,12,-39,2,-43,-56,-45,-50,-42,-49,-39,43,-20,-41,-23,45,-9,-28,20,-29,16,-8,25,-21,14,49,-18,14,-8,-2,-7,-31,11,36,16,-23,-8,4,-11,-16,48,-14,19,8,23,-8,-24,-23,-3,-34,-3,38,33,-50,45,0,-13,-53,14,37,-8,43,-41,44,-28,21,6,25,49,-10,-42,-9,-25,-47,-42,-16,27,-63,17,26,-22,51,23,29,2,20,50,-39,41,31,28,19,-64,7,17,47,-13,22,-13,-36,43,-44,-11,45,49,10,-37,-27,28,-14,10,-55,-24,44,-24,-44,-21,-33,6,-15,-48,29,-13,17,-36,37,-2,11,-21,-40,46,-38,26,-3,37,48,-19,-34,-46,-5,13,-48,-10,-4,-49,-24,-14,16,-25,-15,-10,-20,31,-34,-29,47,-56,-69,-37,23,10,7,41,-35,35,-13,-2,-37,-10,-16,21,50,44,1,-10,19,36,50,5,25,-18,54,-29,15,24,19,7,-15,-21,-40,49,14,-32,56,-6,-42,-5,-25,32,23,-7,-55,44,6,-27,-22,15,41,16,8,-29,-6,-46,15,-49,-16,-23,-32,-4,-28,11,-36,15,-41,15,21,11,-2,-15,36,-26,21,-26,-27,31,47,-6,23,-16,-27,-14,-48,43,-55,-36,3,-43,44,-11,-23,-25,-4,39,-28,-16
-13,30,-14,39,-4,-32,-42,-26,-52,-20,-1,-14,-1,-38,-2,-47,-46,-63,22,-24,24,-58,5,2,32,47,36,12,1,-32,-27,-13,34,-17,-3,-22,-27,45,-20,48,-6,-28,7,-21,50,34,-23,-1,-3,-23,-55,-22,16,-10,23,17,4,15,20,6,10,61,56,3,9,7,-48,31,42,-20,48,20,-35,-18,54,17,-9,25,-16,21,-34,-43,-46,35,-22,22,31,13,-18,4,-21,-50,16,-51,-5,5,-56,29,-37,5,-8,-16,15,-20,-16,-9,33,-38,-16,-36,47,-14,-9,-37,50,-7,-34,-48,43,9,16,-9,44,44,-11,24,-52,17,-14,21,9,32,13,1,-54,28,-36,15,-36,-26,35,0,33,14,-44,-27,6,11,-37,-35,46,26,-38,-25,17,-36,0,36,45,-46,-11,-47,-4,13,32,-43,-28,-50,-19,23,16,7,-32,-24,36,10,-18,-42,30,-47,-41,-34,-42,11,-19,-21,-34,27,-9,30,30,3,27,-5,-57,17,33,27,-11,-50,-13,-22,8,5,-36,26,4,21,-49,2,30,30,-21,-33,-31,51,38,20,0,13,60,36,34,17,41,-3,-38,-55,-35,-4,-47,18,10,55,-32,45,-31,-25,-41,-13,-43,59,-41,23,-32,-24,30,25,-17,31,21,-31,-38,6,-23,18,24,-44,-19,-11,16,-51,-30,-57,24,27,29,38,16,-53,31,-23,-35,-59,35,9,-51,19,28,-30,-5,-21,-44,-43,19,-50,27,-10,0,-14,47,32,-18,-41,15,-25,-4,-42,-44,39,42,44,-23,41,-8,-2,-35,4,41,-2,-22,-41,-25,16,-17,-51,-19,-54,14,-3,4,40,68,-26,38,39,-15,37,40,0,40,33,-34,42,-28,-40,21,-44,-16,-44,-45,-40,-4,-35,-13,-32,70,9,42,2,-33,24,-9,-20,16,10,-14,-24,5,-9,-2,32,29,40,-21,36,8,-52,-34,-14,41,12,32,-25,15,-28,21,-38,-57,1,27,-33,-41,14,-28,-11,-55,-23,18,41,-5,-57,18,-14,21,-33,-3,19,4,-14
-10,37,44,-39,-3,-42,34,8,39,-4,25,-5,-23,-16,-29,18,33,7,17,26,-25,-48,-3,-7,37,13,-16,27,-21,-4,-53,-25,-22,66,40,59,9,13,-7,-5,91,21,-8,-30,4,-4,12,27,-34,-19,26,49,39,3,9,-9,64,-4,68,37,-54,-2,43,0,-64,-24,-10,-8,-6,-14,-3,-4,21,5,8,-40,-2,15,-20,-1,19,14,-30,-2,-39,-47,-34,47,43,-39,-29,-5,-12,44,-9,-46,-27,40,12,-45,-37,38,6,32,-11,-5,-1,-41,-30,-1,37,-35,20,-21,-26,-16,-32,-17,49,7,8,-5,45,-18,15,-1,40,-10,6,-14,-30,0,-40,-31,-45,48,-13,-29,-42,50,11,-35,30,-36,37,17,-35,32,-37,-38,15,36,-37,29,1,9,-21,-72,0,38,-29,16,-12,-7,18,51,43,9,6,-31,30,-22,-41,-4,-42,-50,-13,8,-5,-4,22,5,-27,22,31,24,8,-16,-10,-30,23,4,-46,18,42,49,-38,-5,-6,-25,43,46,13,-16,-40,29,-67,40,2,-44,11,-44,58,-14,-38,9,-83,13,-32,-14,1,-57,-34,-17,32,-8,-36,-22,-47,-18,41,21,-1,-25,-39,-36,-65,-53,-26,-29,-1,15,-47,-17,-5,26,-40,-3,82,37,27,-35,46,-22,49,12,-19,2,-26,-27,43,-17,29,-40,-16,56,4,-34,-38,-3,41,-33,-22,28,-17,-18,-44,28,-1,-39,5,9,42,19,24,1,8,-42,-19,-6,1,23,-30,-38,-30,-13,-18,-7,-12,-17,-26,-12,-7,10,-20,21,6,10,-25,-26,-3,54,22,-60,1,62,11,-5,-36,7,68,8,-31,-14,-28,30,30,-15,19,7,0,51,18,59,45,-20,97,19,-45,-67,-10,25,25,-5,-24,26,73,-30,-65,-11,-36,25,8,-40,14,49,-19,0,47,-33,5,-42,-24,-37,46,18,35,-10,30,23,2,-11,-42,-49,-12,-28,-71,-11,-34,-13,-31,31,-9,-35,-34,-2,31,-51,-19,-50,29,-10,-10,17,-33,-47,-35,-48,-14,-6
48,-21,46,-34,36,28,30,5,22,35,14,32,-47,-18,-4,-11,27,-14,-53,44,1,5,-24,-10,19,-5,48,-30,-5,43,-10,4,-33,5,10,-42,32,45,-23,-32,-36,30,44,-32,-5,26,49,1,39,-13,-47,-22,34,-51,43,41,-12,32,24,28,-10,-38,-26,21,-14,-25,-10,-38,-31,44,-48,-42,-48,25,17,-39,-27,7,-43,-48,16,-57,-28,-1,-25,15,-54,17,-28,25,0,16,-13,-51,10,-50,38,11,-15,-25,9,-50,2,22,-36,23,-35,-11,25,16,-12,11,2,16,50,44,-7,-24,-21,50,-35,-49,34,45,41,-49,37,-43,-1,-28,25,-30,-31,-26,37,-49,4,-19,-6,-16,11,29,2,-41,20,40,24,33,45,-39,4,-21,-39,18,28,-52,-32,39,-46,21,7,-33,-11,2,39,-7,38,-48,40,-34,31,-47,8,-42,-8,15,-18,-21,-14,27,-28,-45,36,-20,-41,-1,-52,-27,18,-24,22,19,-38,40,-26,-1,-18,1,-42,-4,49,-5,-44,23,-15,-4,-17,-49,-32,32,7,30,-10,17,12,-1,-34,-30,7,-32,-27,-20,35,-46,-32,47,39,39,6,-40,-40,-36,-43,14,-15,-26,-28,-24,11,-33,19,13,12,-31,14,38,-7,-18,18,10,8,-16,-52,25,-49,6,14,-48,-22,20,-12,-12,-30,35,-43,44,21,-43,-28,-4,-15,-23,-25,8,15,-35,-43,-47,-46,-48,-4,18,10,-43,-10,8,-10,-49,-3,28,47,21,-9,-16,43,33,11,-22,13,33,34,42,-13,-24,-42,2,9,-49,-4,29,10,-45,31,13,-28,-32,-17,-25,-39,48,-45,-12,-35,47,-4,-1,16,22,-44,-48,-38,-18,-21,-41,5,-27,6,8,-16,9,-39,47,-14,30,26,29,-9,-26,37,-23,-26,4,8,-50,45,2,39,47,44,-50,43,-43,35,50,16,-47,-7,46,26,34,15,-7,9,18,27,5,-21,-30,5,-19,-8,-39,38,-17,-47,-23,13,-7,36,-42,43,-2,-12,-8,14,29,38,-51,40,27
-10,-8,20,-61,-50,10,-39,-13,-26,-7,23,15,-52,-54,10,-54,6,-18,-12,39,-40,-19,26,22,27,-44,-18,-4,-60,22,33,-15,15,-33,15,37,-25,1,47,-7,-36,-58,-54,46,2,16,-10,-13,53,-23,-42,10,4,13,44,10,58,-34,-45,57,89,76,-16,-40,-17,38,22,40,-2,27,-9,-35,-60,-9,-30,-17,-41,-58,20,21,27,-29,-25,-59,-51,-61,-39,29,-16,-50,15,-37,-14,4,33,-31,18,-23,-49,-24,43,8,11,-17,22,8,43,-10,29,-20,-43,4,6,42,47,32,19,-23,7,14,39,-21,-34,37,-47,-9,34,34,1,-42,-2,29,-6,-49,-48,-41,39,-9,19,-8,27,-10,-39,-2,30,-16,28,-7,4,30,32,-61,41,26,12,-74,-15,-25,-51,-47,77,76,24,-53,2,13,63,-13,-13,-37,-42,17,-13,3,32,-17,-13,-55,21,-50,-28,-32,-30,-48,10,2,0,10,-31,28,-39,-27,-35,-20,32,-34,-36,-10,-35,-55,-24,8,8,-16,3,45,-38,26,5,2,13,82,-22,43,13,5,-79,5,38,-57,-55,46,45,-30,-23,-51,-29,12,26,40,-59,32,-44,5,10,11,-35,-57,32,20,-29,8,39,-51,-30,33,-33,-44,-13,14,-5,-19,19,-13,-26,-15,-31,-5,-42,41,18,-39,37,39,-5,-26,16,-14,-1,-27,-37,-46,8,20,10,-32,-51,14,37,19,-48,-32,-50,14,-19,-22,2,29,33,21,13,31,-8,4,27,-19,5,-33,-29,21,7,3,-8,-25,36,74,-3,10,24,19,0,-67,4,102,-19,-18,51,-19,-28,42,-17,-25,-27,44,16,37,14,14,35,-40,-12,25,-23,-27,13,11,-12,-38,0,70,20,-71,-54,-27,7,-4,5,49,-28,-26,-41,13,-34,-7,28,-32,37,-25,-53,-51,41,26,30,-40,18,40,-18,-50,43,4,31,43,23,20,49,-2,37,-1,43,-20,29,29,-26,-21,6,-44,43,49,20,-41,29,21,-36,34,4,2,30,-32,34,-39
7,-32,39,59,14,8,-12,8,4,19,-15,-12,15,-18,32,37,-23,67,32,25,25,49,37,35,59,47,37,12,16,12,-52,-3,-56,-51,-55,-18,33,22,2,-21,24,-16,-30,25,-11,20,-20,-42,-26,54,-38,38,7,95,62,44,2,51,-19,-15,-2,-3,39,29,-4,19,16,33,-3,6,-33,34,-16,14,-14,34,54,20,-40,26,-2,32,-13,-24,-29,-11,-9,8,17,32,13,83,75,-42,7,52,38,30,38,8,24,-18,36,47,-33,33,42,31,11,5,1,-25,14,39,-49,-10,49,-12,-19,15,10,-27,-21,1,20,15,-10,-38,-12,-19,6,-35,9,-9,37,40,23,-1,56,-4,16,-2,-7,35,11,-25,-9,6,25,48,9,4,-58,-46,-36,-14,-23,11,1,-7,-9,18,-12,43,-49,-18,12,-10,37,-27,-41,33,2,-32,-42,-24,57,-2,33,-44,-24,48,5,43,-39,45,6,-4,21,35,-47,-18,17,28,56,31,64,54,-35,-16,-20,19,-2,-42,12,-51,10,-4,62,40,-4,42,30,16,32,-10,-10,-31,11,-22,-30,-61,22,32,48,-4,-33,-7,-10,9,36,32,-69,13,30,0,-27,-8,25,33,25,-36,0,27,-28,-6,21,-14,3,-28,-28,40,36,-33,-16,-4,20,-25,32,1,5,-38,71,48,46,-29,36,83,-2,13,53,5,18,10,-43,9,42,4,-33,37,17,-1,50,-45,10,7,-13,3,-42,-1,15,20,46,45,-14,-34,-26,2,-1,46,-30,-29,6,-44,-29,26,44,-44,27,-43,-17,55,5,41,-20,19,0,10,-35,14,17,-12,-22,-13,-25,-31,5,37,11,-54,-43,37,49,-49,-52,36,39,-33,-29,-33,-8,-2,15,18,-7,61,17,-40,-15,-16,14,19,-39,28,18,-40,56,-9,-9,-17,-22,50,57,18,36,-34,-3,12,-20,28,23,-9,-20,49,39,-19,-51,27,-33,2,14,-2,21,1,1,-48,-31,-36,-18,48,46,-49,21,55,31,25,15,-4,45,-38
-37,-43,-28,-15,-42,-33,10,-18,22,14,-19,17,-32,0,50,-17,25,4,-30,-7,40,5,41,-25,3,50,40,-8,11,18,7,-9,6,-48,53,3,4,2,-17,-5,-53,-38,-13,6,-30,-36,52,20,-27,47,6,52,32,53,11,35,13,3,73,56,-25,14,-36,-22,-37,-26,51,-35,42,-38,-13,-69,-47,-30,-17,-6,-12,1,7,-26,17,32,-28,33,-44,5,-21,-32,32,19,0,9,20,-10,-32,46,-14,-35,48,3,27,-19,46,8,-50,17,-4,34,-11,35,31,26,-15,14,17,3,-23,-24,43,17,47,-28,-33,29,-15,4,25,19,52,22,40,-14,41,6,-18,34,6,-35,36,-43,22,-19,-17,-36,44,13,23,40,5,-29,-24,-23,30,-13,-15,-44,27,-46,42,-29,19,-43,-25,47,-12,-19,36,-39,1,31,-4,30,-40,39,-43,25,9,-14,-39,-22,-32,-9,29,-44,44,52,52,-10,-33,53,53,-19,1,-47,-26,7,-21,27,-16,-5,-28,6,40,-36,-48,-23,20,-5,-34,23,17,-3,-39,25,-10,5,49,22,-31,12,47,58,-25,36,33,-38,-27,-39,-71,-11,1,2,35,-8,-38,-5,18,-31,-41,19,-13,23,-4,8,-4,3,32,-8,17,4,50,44,-4,39,35,49,-4,-29,-46,-20,-24,51,10,30,-22,31,-7,-3,-13,-9,14,-10,-26,-46,17,18,34,-13,9,-45,3,-25,37,-27,21,9,23,-34,19,27,-35,-32,-28,8,27,-12,-31,-48,-35,-41,12,39,14,-44,24,14,-21,-34,-25,35,-9,25,-48,10,-4,-18,-14,5,-2,-27,25,58,34,-65,-42,45,-4,56,8,37,-40,-64,8,-6,23,-17,-9,14,-18,-26,-4,22,21,9,4,26,0,41,41,14,-41,-15,9,27,-34,-12,-3,-44,-3,35,-35,-4,-32,-19,-23,-45,14,-44,-10,-26,43,-6,12,29,-11,6,-23,34,-41,-46,-15,9,16,-29,54,40,51,31,-21,57,-55,27,-25,-35,-27,-49,42,15,-46,24
-35,-47,34,-44,-4,-9,-46,42,16,-5,-37,-26,-24,45,9,-38,20,-45,-31,-47,-9,-26,-17,40,-42,-2,9,32,31,-4,11,49,20,-25,25,12,13,-44,-50,50,17,-54,-24,40,28,-32,-10,34,42,-44,-22,-15,34,42,-31,11,-2,-5,-83,32,16,-24,1,-1,28,-5,26,-33,-19,-18,-8,-17,11,24,-17,-16,-17,-38,-9,-2,-12,37,-45,-28,-38,-12,-30,-40,-18,30,-16,-11,-1,42,6,0,-14,32,19,36,17,-12,6,-14,26,35,39,15,-19,43,11,11,33,29,0,-1,4,22,5,-47,36,-35,-40,10,26,22,21,19,5,-49,-41,9,-21,34,-24,39,-30,-28,-20,-44,-8,-8,-2,-46,-11,-18,-48,-22,23,-12,10,40,29,44,-15,45,15,54,23,44,0,32,-54,46,-31,-46,-33,-22,-23,-22,40,1,52,29,18,-45,-21,29,30,15,-22,-18,3,33,-18,-7,4,-16,-46,-20,-35,-27,40,-1,0,26,-36,13,-21,26,5,-42,42,24,20,-16,-1,-44,-25,-10,-4,-44,12,50,-30,-35,23,59,-12,-6,-37,24,35,-15,-6,-10,22,-7,5,3,-11,-61,-19,8,8,13,37,-39,-7,-16,-44,19,42,1,-35,12,-39,-7,-17,-54,-36,-15,33,5,-14,13,7,-35,-9,47,-46,10,-50,-32,15,26,14,26,3,-44,-35,15,-22,29,-53,41,-1,44,-14,-24,-30,-3,12,37,30,-50,2,-9,-30,9,35,-5,33,21,43,10,5,-29,-1,29,31,-51,-55,10,26,-26,36,-2,-18,47,-21,42,-43,-26,-24,25,27,-57,-29,7,-31,-41,-19,28,48,-41,61,-17,-11,1,-36,-41,-55,-35,11,-38,8,50,64,25,48,8,44,26,-19,-45,-38,29,-38,-33,16,47,38,35,-29,-27,-8,-37,-16,32,-18,-26,-9,15,49,-49,-13,32,-32,47,36,-18,25,17,2,13,18,48,48,42,16,22,-13,-37,47,-29,-50,44,-2,5,56,48,-11,37,0,30,42,-41,30,24
26,9,-16,5,1,-7,-53,-14,-39,23,-24,9,-55,-32,-8,22,6,-35,3,2,3,-53,-72,-58,-61,21,-19,-14,26,-4,-15,-19,49,-14,-44,-31,7,-39,-45,-19,34,20,9,-19,7,-42,-41,24,-23,-45,-24,-11,-5,3,-22,-3,-13,-38,-49,-13,48,44,-56,23,15,-29,-4,39,-31,-53,-3,-58,13,-19,-53,-56,-49,-38,-50,6,-29,-15,-33,-49,-19,-24,-51,-77,-8,17,-26,-20,-58,-40,-67,9,-17,-84,29,-47,8,27,44,-19,17,-16,-47,29,49,23,17,-46,-42,25,-19,22,5,-1,39,26,28,26,41,37,-7,10,16,-31,-44,-25,-40,-22,-16,-73,-5,-55,-23,-34,1,-10,-54,-32,-4,5,0,21,-51,18,-47,-1,24,3,46,29,-54,-63,-11,-3,-5,-14,10,-31,-52,42,-17,17,-39,-15,10,26,-49,1,-37,-35,25,8,-16,-35,15,-47,1,-51,2,-29,-40,13,4,-21,7,-35,21,-41,-15,9,20,-2,-13,2,-19,23,-12,36,6,-28,26,28,-49,44,-58,37,-29,37,-57,-9,-7,-17,-48,21,-23,-17,-30,-4,-40,-41,-13,-28,-12,23,-35,-10,12,29,37,15,-21,-18,13,-5,27,2,36,27,10,-33,-37,-12,7,-40,21,-28,27,-7,-52,-13,5,-26,-13,-8,-68,-12,-69,-70,-48,-23,-46,-27,3,-77,-85,-6,-5,20,-72,-56,-52,47,16,-1,25,-46,19,-16,-56,0,19,25,-48,-23,-53,-38,8,35,-57,39,-27,-10,-3,-57,2,-5,-13,25,-25,-45,-37,20,-7,-10,8,38,6,-49,35,-33,15,-50,-5,-27,-2,4,-40,-66,-17,-22,2,27,-6,31,-20,-33,-41,-41,-46,0,4,-30,21,14,-56,-2,-13,-51,35,-34,-4,5,17,-38,30,-14,18,-46,4,0,26,-9,33,8,36,-20,-57,-20,12,-54,40,26,-5,12,40,21,23,-38,10,-27,-29,-44,14,-20,-46,-5,35,-54,10,-74,-40,-56,16,-28,-31,-21,19,29,-46,17,20,2,-49,32,-41,-52
-38,34,-38,-32,-37,9,22,30,16,-33,28,-20,15,1,25,-3,-7,-25,2,19,29,19,-23,-32,-6,25,-41,28,30,-6,-11,-9,27,8,30,39,-32,21,48,-45,0,18,-9,-16,-6,23,35,22,-19,-32,-32,-56,-6,-35,41,-17,-35,-29,-27,19,28,-41,6,-32,-21,-45,26,-24,-54,-27,21,-44,-32,1,5,-55,-28,-69,-37,35,-22,-37,3,-59,-24,-9,14,-42,39,-28,17,-3,6,-16,10,18,-22,-19,2,19,-4,27,34,-21,18,40,-29,10,4,5,16,-13,10,-21,-18,5,24,21,41,19,45,17,-23,-13,36,28,-44,29,-41,-7,-1,5,13,-10,38,26,-10,-20,14,-15,23,-33,-28,4,8,37,-41,-64,-60,-5,22,42,-34,-32,-44,20,-34,26,-39,-6,15,15,-12,-15,30,-17,-55,-16,-26,38,36,-36,-48,-12,-2,-5,-6,-41,-39,-24,-9,6,-44,2,-22,44,-24,-16,28,21,-29,-36,-5,-8,-55,-35,-19,-7,-2,-51,34,-28,-44,42,0,-15,-6,30,10,32,-19,-44,38,-3,-15,21,8,-29,-27,-35,-47,-17,36,-38,-47,-10,43,32,-4,30,28,29,24,-40,43,15,21,16,1,-7,11,14,-31,-35,-19,-14,33,0,20,-43,-4,10,-17,-45,0,-26,-44,-4,-66,22,-48,12,24,-35,-34,-62,27,-23,-7,-34,-39,22,-62,-29,-51,-17,-51,-38,-26,14,-10,-22,-19,-13,-10,-19,45,-12,13,-18,-13,40,17,-62,-50,-47,30,-26,30,-46,-17,22,16,-44,-48,39,13,-21,-26,47,7,-58,-38,-21,-13,31,45,-28,-56,20,-1,-39,0,22,14,19,46,21,-50,-12,2,-42,-44,-26,-50,44,35,-38,-51,-11,-47,4,-42,-45,-53,2,-9,-4,35,-29,-1,37,-51,19,-2,-36,-36,-8,30,47,14,27,-4,14,-16,0,-5,34,-29,5,29,12,15,6,27,-9,37,-22,-1,-40,-34,7,1,-11,12,-28,14,31,-9,-44,-45,6,-63,30,-8,-19,-7,6,-32,24
-51,-7,-33,-5,-5,-34,38,-22,-52,-4,23,3,27,14,-50,37,33,-26,30,38,18,-55,8,2,-57,-7,-35,8,-32,32,-27,31,18,-11,15,-14,8,13,-7,-50,-26,-22,15,-3,12,-42,-46,24,0,-21,-32,10,34,-46,-33,-31,22,-11,16,11,-52,14,26,10,34,16,-10,-45,24,-1,-18,34,-49,-37,-46,-27,-18,28,-11,-38,-50,-4,-4,-7,-19,38,-2,13,-39,30,-20,-37,-15,3,31,-33,44,4,-18,-46,-6,-25,4,46,6,49,-14,2,-35,-50,24,17,34,-45,39,-32,-49,-33,42,-16,49,40,3,29,-30,-52,-32,12,-10,3,-40,-21,-3,28,-48,-18,-25,-14,-6,-4,2,19,3,29,-8,31,-52,8,-38,-46,31,39,45,14,-16,8,-3,24,-46,27,-4,10,18,-21,-51,43,5,-24,24,11,-13,-19,-6,10,2,43,-6,-31,28,-38,-46,-28,27,25,-31,7,-16,-9,27,-13,-43,15,-59,30,39,-25,25,13,-10,-20,10,-37,-39,22,-37,-50,-48,-38,-2,11,5,-55,-30,45,-3,-13,42,-37,-8,22,46,1,-37,-17,51,43,-38,46,31,35,38,-50,0,48,-37,40,-28,-15,-5,-45,34,19,-8,-34,10,-29,-37,1,-15,-11,-49,-4,-34,-10,16,-53,-27,25,-1,37,-14,-37,-43,39,0,8,-5,23,27,31,-50,-30,-45,7,23,14,41,-14,-11,42,-50,36,-52,32,-15,-33,-6,40,27,18,-47,-5,-21,18,0,-22,-33,-38,-42,40,-46,46,-41,7,22,-52,-53,-1,-33,10,15,-16,-7,-35,50,-36,14,21,-39,-19,-25,-52,-40,-34,47,-37,24,-18,11,40,12,19,30,-2,-8,44,27,18,-29,14,1,-19,31,-25,-13,3,-25,43,-26,-44,-21,36,-28,24,29,39,-21,2,-5,-28,20,-38,-25,9,-45,-15,-3,-42,37,-28,-4,18,-51,-22,4,36,-17,-5,6,-27,11,0,5,39,42,-46,-51,-37,20,-16,-6,-5,-46,30,-51,-27,-5,-12,-20,-22
-42,32,32,-37,4,-33,-20,43,-28,27,0,27,23,-1,-19,15,39,12,28,14,-7,-12,14,41,26,-35,-18,4,-48,-47,36,5,-32,-5,27,-7,-18,-15,1,-16,-47,73,42,-8,-7,-42,-12,-68,47,26,-1,-4,26,-46,-13,31,12,45,-3,-30,-48,62,-7,14,-29,-23,30,36,21,-37,18,9,7,-28,15,34,-2,-5,-10,48,15,-18,13,-28,-13,-24,-46,1,6,-13,-33,4,23,4,-13,-15,-27,-25,8,23,-1,16,41,-8,-42,18,-31,-17,-37,-43,-40,36,-27,36,-33,25,-10,-38,38,-5,48,-48,-24,-46,4,27,-4,-14,19,8,-23,3,-48,-47,-18,-41,-17,29,-3,4,-39,18,38,-18,9,-16,-36,-42,26,37,-38,46,-22,-17,7,-14,-32,-29,-36,-55,60,53,13,9,-33,-50,13,31,1,24,-28,-36,-4,41,28,-42,38,-9,-18,-4,20,29,-47,11,-35,50,4,-13,-47,-7,25,-37,-45,-35,46,29,-13,32,-4,-22,-23,-31,32,3,-20,-9,-2,47,58,15,28,-7,37,-9,-14,43,9,-15,-11,52,4,-37,26,43,-30,38,-2,25,-33,11,22,-12,11,-35,25,35,11,42,-13,44,2,17,4,-8,10,-34,-8,44,13,46,31,28,-29,-36,43,-36,22,-24,4,-21,-34,-46,52,-21,-4,-49,-44,38,-34,17,-45,4,-31,-48,5,-4,10,25,43,-3,9,-19,-45,-32,-39,24,23,-27,43,11,23,35,47,28,-16,-29,23,-43,25,35,29,-80,-69,56,54,-11,-4,-38,-25,37,23,-20,-30,-3,-41,-26,-17,44,7,4,-21,-46,-22,28,-7,-18,-47,28,-33,-30,18,0,33,-16,20,66,-21,65,59,15,-32,26,5,-11,67,11,9,-34,45,32,23,17,18,11,-42,22,-29,-43,-12,-8,10,-23,-4,26,37,-9,-25,-10,0,39,51,-17,11,-39,11,-31,3,17,-23,-14,34,59,14,-9,-20,34,-29,-47,-28,39,23,36,38,-5,23,42,41,59,-20,50
26,42,-30,-13,-36,38,29,-40,-2,-56,-32,24,-43,-27,14,-49,25,-61,-22,15,-41,-17,30,0,-34,18,2,-63,16,-40,3,-41,23,-27,55,54,16,47,-4,28,-28,24,-5,20,53,-25,14,-6,15,-25,31,-59,-79,-51,-20,29,7,46,-38,-3,-16,51,-58,36,46,32,-4,55,47,-44,-17,21,40,19,23,22,-5,-55,-3,-3,8,-37,-59,-18,-29,-36,12,38,-27,41,2,-61,26,-13,0,11,28,31,6,-35,-46,45,2,-29,6,-39,-49,40,-11,48,-23,-23,45,-47,17,-34,-16,-36,-41,24,-31,-29,7,-15,19,-32,10,38,-41,-45,22,-17,37,32,-37,-40,-55,-44,30,-3,-24,-21,-31,42,23,-48,-30,24,-41,5,27,38,76,29,-14,23,-14,-24,-27,36,-31,-5,-13,-46,58,10,27,-30,-16,-1,-7,-16,-22,-27,-13,-37,-37,39,43,10,-41,-26,-39,16,3,-8,-55,-29,6,-28,-12,-34,37,36,41,0,34,4,35,16,-39,36,24,1,47,30,-8,41,-11,34,45,-19,28,10,12,-49,0,51,65,39,-41,34,25,-31,5,8,37,25,73,39,7,-12,57,-16,-32,43,46,11,-25,-15,-21,41,-6,-8,56,15,17,-35,-28,-27,-44,-19,-50,12,0,-23,-52,-54,36,21,-34,-40,-48,29,-36,29,-31,-23,-1,17,27,-21,1,40,-49,-18,-48,-10,-12,-3,-46,8,2,10,-16,-46,-52,21,8,6,-9,2,-24,-21,22,-22,-21,6,8,-50,-13,-35,15,0,56,32,-38,43,6,33,-35,-17,-2,10,35,-11,3,-23,-17,38,1,20,58,50,28,-44,38,-7,-17,-23,-5,42,-64,3,20,31,0,-21,-49,30,-25,8,27,-1,-32,-21,9,55,41,19,7,-47,22,38,25,-20,0,-26,42,17,19,7,11,-43,-6,33,-50,6,-16,-48,29,-39,49,-37,4,49,19,51,3,24,-7,18,-10,-19,-55,-48,3,1,-41,-6,28,-21,56,26,-2,-35,-14,-28,-33,0
21,19,-32,31,-13,2,-18,-10,45,6,-21,63,-8,27,16,28,4,56,46,-4,49,56,21,-6,-10,6,23,51,48,10,26,-59,-26,51,-21,-63,-52,0,52,-10,-50,-40,2,49,-50,-9,-25,58,-6,-6,22,-75,-82,-34,-13,11,-29,-49,58,47,-10,21,13,48,30,33,31,22,-38,-17,19,-6,-17,-8,39,-8,-41,50,-10,10,-19,-1,-1,32,-52,41,24,10,9,-1,45,25,-22,5,44,-32,-15,21,-37,21,-2,-10,27,7,-40,31,-25,-33,-19,-38,-27,-40,29,-9,-23,5,-6,26,-29,28,-32,-27,-17,-31,-23,41,-34,45,-42,35,12,48,-23,46,-18,-38,57,44,7,-4,-34,-5,4,-3,-35,-12,-9,53,-19,19,46,29,51,0,37,43,-7,18,30,-1,8,28,-36,-49,-21,-13,-60,29,-39,-37,47,20,-21,-6,-7,36,31,46,6,-39,-4,48,39,13,-35,10,-8,1,19,39,-17,3,-8,18,39,-17,30,40,5,-27,-42,65,-13,-25,-7,-26,27,11,-34,7,50,29,-12,-40,6,44,40,24,13,-24,30,3,-35,39,16,9,45,-7,-43,-52,14,40,22,33,-17,20,8,-35,-19,-33,14,-33,-41,-44,-8,21,-15,-48,-28,35,1,1,21,7,1,-35,25,18,-47,51,-9,17,-9,6,45,-6,51,32,6,48,-46,-3,7,14,32,-13,15,-7,5,29,36,12,-19,1,-40,-4,-18,-7,-40,38,38,-23,-20,36,13,-26,-27,0,11,60,21,70,90,66,-10,-45,-33,33,24,27,-59,-38,25,33,-29,48,29,19,-26,-40,54,2,-35,-16,44,-17,19,-29,14,83,-24,2,-22,58,-14,0,3,-7,-5,-66,-18,-9,-2,-7,49,36,5,39,-7,-23,2,-10,46,41,38,29,-39,-20,-22,44,39,57,6,-10,41,-3,40,50,-26,-30,-19,23,-22,44,44,-26,31,26,-20,-51,34,44,-1,-11,-33,28,49,-10,-24,44,-37,46,4,19,26,-25,41,-11,42,-27
-26,35,11,-25,-18,12,-61,29,-33,-38,24,-20,-31,-36,-49,-23,25,-2,-18,-47,-6,37,-48,-37,21,18,3,-21,-50,12,35,-22,-31,15,-42,52,16,29,-29,7,-22,-22,-40,-35,43,44,-40,16,6,8,-32,-59,34,15,25,20,3,-2,-11,13,24,-30,23,35,-54,-4,22,-25,-14,-61,16,12,23,-34,-65,6,22,-54,39,-22,41,-30,-57,35,-46,29,21,-4,-37,-25,34,3,6,-1,17,9,-13,37,-22,17,18,-17,-23,3,-20,30,-25,23,2,-15,48,-7,47,19,3,-4,-21,-48,-27,24,-45,34,12,22,-31,11,-22,37,13,34,-17,-36,-13,-45,24,-49,-1,-20,6,-60,-23,-26,7,-46,-26,-9,1,31,28,21,-20,58,-12,-44,44,-4,-34,-9,-56,-39,32,28,-7,1,0,19,-31,-22,-43,-40,16,-42,-33,30,36,-52,35,14,-8,-52,-22,31,-46,-4,15,13,-24,-45,19,0,29,6,-55,3,-24,-27,-4,-35,26,40,-19,-26,-14,-2,37,-53,-60,-29,66,-34,32,22,5,37,2,-50,23,-7,15,-62,49,-1,-73,-6,-31,42,15,9,53,48,-48,25,-49,-34,-22,34,-13,-8,16,32,-32,4,-26,48,14,9,24,-65,52,23,45,18,-42,-23,30,13,-31,-55,-19,35,22,13,42,39,-58,-48,-12,-9,29,-37,-45,35,-13,42,-18,-19,-43,15,-14,50,-2,-42,-50,28,-14,-44,-41,-52,-15,-43,42,-42,7,18,-13,-33,23,-40,-17,-31,-64,-16,5,-39,-36,-60,-51,39,76,-30,-45,48,-42,22,4,-31,55,-48,-28,-8,-11,31,-7,-11,-19,28,17,-34,1,-41,-16,9,-32,24,65,16,-13,-73,-48,-10,-2,-14,48,-45,-47,30,75,6,2,26,-8,21,-16,-14,-29,-42,-20,24,-6,5,41,36,-4,-19,-44,-20,7,-2,9,41,-28,31,-4,-53,-8,-35,-70,-41,-37,-11,-1,-13,-50,-20,-50,34,-14,-51,-29,-9,-34,-3,-13,37,-8,0,5,16,29,-24
-29,24,-10,14,7,-6,-4,-43,31,3,-47,-36,-48,-47,40,-18,12,-23,-25,-26,-55,10,3,-1,4,8,-63,-1,-66,-11,37,-27,-14,-23,-1,19,-7,10,14,-25,43,-17,31,5,19,11,36,16,-11,-9,5,-7,-80,-19,-16,39,-2,9,-21,-46,-34,63,-19,46,40,63,-28,-31,46,-54,-20,-13,-43,16,7,19,-52,34,29,-5,-5,-18,-10,31,-30,-31,19,-2,-36,47,-35,-2,-1,-21,-45,42,28,-8,-46,-22,-8,49,-41,8,6,-15,35,26,1,-21,7,-12,-12,17,-18,42,6,31,0,45,-5,-34,44,-30,-33,5,-18,15,1,10,-45,-47,-24,-37,-25,-5,-33,9,-20,38,28,-35,2,9,-10,-20,-12,41,17,23,-49,-25,-4,66,21,-1,24,-60,14,-21,-7,47,-58,-34,-2,-52,-26,36,70,-31,-5,-21,-28,-18,4,-35,-32,-26,24,10,14,-20,37,35,-19,-35,-17,23,-52,-27,-35,26,3,-20,-47,21,39,-57,15,1,-36,37,10,20,49,7,7,34,-27,-15,-23,-3,3,-3,-44,-58,0,-16,48,17,39,-13,-29,-3,-48,7,-46,32,23,-17,41,-43,-8,8,-27,7,-79,-25,-5,-41,-13,20,-2,-7,-26,-1,4,-28,-22,-24,-14,-2,-5,9,-8,-26,-38,37,-10,-18,-24,-4,-53,27,-18,48,-47,-30,-53,-11,8,27,-4,-11,22,19,45,6,-21,41,-10,41,-16,30,-43,10,16,17,-11,44,38,20,10,31,41,38,3,5,-31,-47,35,37,66,69,16,0,19,-46,41,49,-31,71,44,12,10,78,14,-2,-31,-44,54,44,56,28,-11,29,-4,-46,38,4,10,70,21,33,71,21,32,-8,45,57,-24,27,-38,-33,-66,24,16,42,-34,9,29,11,-35,36,-8,8,-29,-6,-46,34,1,-45,-15,-28,11,-46,-36,28,8,21,-27,0,11,15,49,34,47,22,1,52,-7,23,58,9,0,-24,31,-45,-14,-22,-27,-15,-21,-4,25,-36,-11,-35,-36,1
-38,23,-47,3,-55,7,-33,-20,-33,-6,38,-39,-70,22,-16,35,19,-41,-7,25,-41,18,-8,-24,6,16,-52,-2,-8,-4,-44,13,51,11,25,10,-51,7,59,26,-3,-13,-20,13,24,13,32,17,-14,12,57,-3,-43,-75,-6,-4,-71,-45,-73,-11,-2,23,44,33,36,23,6,18,13,24,58,-8,31,14,35,13,24,22,-31,-2,-50,-36,-34,5,5,-18,-12,-31,8,5,-34,16,-31,-19,-28,34,13,-39,-10,-9,49,8,36,-11,18,-39,22,-17,-22,5,35,-33,-22,-21,33,-33,11,0,13,-43,13,14,20,13,-19,-29,-54,-27,-1,-45,6,-34,-18,8,-22,21,-40,-14,-63,-11,-4,0,-54,-10,-13,32,-39,2,-58,-31,5,64,57,-18,-1,33,-25,10,-39,45,39,-33,-2,-27,52,-30,9,-8,16,8,-23,12,49,-53,-17,-3,-47,-14,9,1,-2,-13,-59,18,-28,16,-57,21,27,5,-39,-32,-63,20,0,-49,20,18,-54,-4,16,-40,7,31,-7,-1,13,12,1,24,-28,11,9,53,-12,42,-11,23,-2,-49,25,-19,-32,-70,29,10,24,2,41,-16,48,-20,20,39,24,-16,33,37,-8,-14,21,-33,40,-10,8,-33,-5,57,-28,-63,35,-31,22,-40,-32,-34,5,26,-42,40,-39,-14,-30,5,-47,41,-9,35,7,-24,-9,-45,-36,-57,32,-24,-49,-1,37,-45,-43,-14,27,-28,-19,4,19,5,19,-32,1,15,-53,-6,-55,-23,-2,-26,7,24,16,-2,-34,-12,41,-42,-1,-53,22,27,10,-7,-66,7,23,46,-32,-33,25,-36,93,19,9,46,45,46,41,39,43,22,-29,14,7,41,55,-26,22,39,-10,19,-2,27,-25,24,8,46,35,17,-38,9,-51,20,-4,40,-17,-11,-4,-12,46,34,-2,35,-26,-16,-35,-49,9,1,-3,36,-53,-40,-33,10,-29,-39,-27,48,44,15,29,25,9,-52,9,-8,31,34,-35,-11,-39,-15,-28,7,-18,-35,-55,-54,-11,23
27,-9,45,-43,18,35,35,-12,-32,43,-10,59,-13,-36,-25,-1,14,16,-23,29,17,8,14,45,16,4,8,34,22,-21,1,35,-40,-18,-49,-35,-20,13,-31,-2,49,-51,36,-1,-25,6,-11,17,1,-24,-37,-13,-22,-18,-46,5,29,6,11,1,-38,44,20,-27,47,-26,-16,10,-16,45,-23,1,-18,48,-51,51,20,-5,53,20,-4,-21,-45,-18,13,23,35,36,8,-27,44,-24,-16,29,-2,-29,36,-30,35,22,-49,-46,39,-39,-46,38,-49,3,43,31,8,50,-29,48,-37,-27,49,-27,28,-41,46,-42,-6,-40,-42,-38,12,-29,-42,-14,47,7,3,8,-7,-47,40,-14,-18,-47,48,9,2,22,31,-42,49,55,12,-33,-6,-28,-2,31,43,-13,-16,10,-46,42,12,3,-15,-33,17,-34,-18,-19,2,-21,35,-10,3,22,31,-22,2,4,37,-15,-20,-7,21,23,23,41,-27,28,23,-32,19,-16,43,45,-41,25,3,29,-29,-36,-41,37,-2,-31,-47,-15,35,-17,-41,45,-52,-32,42,-34,49,-52,-59,-19,-49,30,-2,32,19,-40,-9,-7,36,46,-26,-1,-19,28,3,5,34,31,-47,15,20,-55,32,40,-1,47,23,-7,18,41,7,-40,-21,-32,-4,27,26,48,22,2,49,24,-7,39,-1,-32,52,-5,-31,9,26,-35,-14,20,-31,-49,-8,45,48,32,-28,-26,-11,-35,-32,19,51,44,-34,28,8,-25,-7,46,-20,38,-21,-37,31,2,16,-35,39,-8,-22,-31,10,9,30,-48,-17,41,26,2,30,24,-34,16,34,33,42,-28,-38,6,-29,-14,9,34,-13,31,-49,-32,-38,-43,-7,29,-12,1,-24,-27,21,12,-47,-34,-26,-26,27,17,-21,-46,3,13,-43,49,-12,20,21,32,-23,-20,32,2,44,39,45,-44,4,-1,22,-8,13,-18,49,-20,44,5,-5,-8,-39,26,40,32,9,12,-45,38,-23,15,43,11,-21,-2,31,47,-10,49,4,11,14,35,5,1
-1,-40,-29,25,-7,-28,-2,19,-14,19,-30,-8,-12,-9,38,10,-18,-44,-7,-18,21,18,31,1,3,20,6,45,-47,-1,26,31,-9,0,-16,-27,-46,31,12,-43,40,-19,-27,45,-41,4,21,35,20,42,24,-41,-43,21,-5,42,-23,12,3,18,-16,29,2,42,-41,5,-4,-15,-28,3,49,-32,-53,-51,22,26,43,0,10,-15,-11,20,18,-41,-55,-23,28,-31,32,-5,-21,24,-49,27,36,39,-23,-28,13,-30,-33,-16,3,48,-30,47,7,37,-15,36,-42,-17,-37,9,-12,29,8,6,-22,-37,-7,17,26,27,-21,-27,-45,33,-30,-49,-25,-28,-18,-52,3,-34,-15,-2,-25,-4,-24,-29,25,27,24,25,-5,-58,-42,-14,-15,-32,-55,13,28,-7,-22,37,5,-44,-23,33,35,8,-30,-6,-16,-30,-35,-34,0,21,-38,-11,-38,9,1,-30,-29,-30,35,0,28,-46,-14,-47,-22,28,-47,-16,-2,42,-40,14,39,36,-6,-68,22,-1,25,30,30,-2,19,-16,-9,-2,-39,46,-8,21,22,12,1,-17,-38,44,26,28,31,0,-41,44,4,-30,42,-43,-21,-52,-9,-51,-39,4,-21,5,49,9,40,-7,34,-48,20,15,46,-42,23,9,-43,-36,-27,-46,-8,-25,-17,-11,17,-27,-37,30,-53,-4,-19,-27,-40,13,-31,38,-18,32,41,-15,-41,-1,-40,10,25,-23,-49,45,-6,-19,-22,-11,-25,24,-33,33,21,33,40,41,-45,-24,-26,-7,-38,-34,15,-7,21,40,-46,-34,22,-28,-23,-17,-21,24,16,-28,-4,-15,43,-6,20,35,-15,-26,2,-37,-44,24,-28,-55,31,12,-43,44,-44,-7,-45,23,-29,35,-49,-12,21,-43,16,-31,-40,15,-2,-1,-49,19,-10,-15,-37,-33,-48,47,25,39,20,-25,10,22,22,-31,-6,29,34,-37,39,-22,3,3,45,-1,-41,29,-37,11,30,25,8,-43,-48,-21,-25,-35,-10,-23,-30,35,12,-49,12,-30,10,-4,-1,39,37,18,-6,-37
26,2,10,-21,1,7,10,24,29,13,6,-27,16,42,3,-33,-11,-27,3,20,1,-10,-29,25,56,-19,38,31,-36,25,42,-29,-29,-14,-31,6,-2,33,24,25,-22,-38,7,29,-27,2,45,-13,4,-59,46,62,54,60,49,14,-46,31,-22,-22,6,-24,-32,-29,14,-13,24,-34,-14,-39,-35,76,69,52,-2,24,51,-35,-15,-25,-46,52,-8,-17,-6,-1,42,-13,53,28,26,3,19,6,-8,-5,56,-2,-44,2,-26,50,40,-10,-12,-20,-38,-29,-35,28,-50,32,21,-50,-13,27,-23,-33,19,-2,26,-16,39,-41,-10,52,31,-24,14,29,-5,55,16,30,41,0,-1,-39,32,-10,45,-7,39,15,19,38,-20,11,11,-19,6,-16,12,-10,3,-17,14,22,33,-42,3,-3,-39,43,-28,-14,1,-29,-24,30,42,11,3,6,47,-39,-29,29,9,-12,-36,30,46,-33,39,18,28,28,-13,36,23,2,20,13,58,8,25,4,-11,2,-51,7,-20,-26,8,-36,-38,28,7,-6,18,-67,-31,-37,18,-50,-8,24,-42,1,28,60,-13,19,44,27,-8,24,-28,-30,-18,-46,-2,26,27,25,0,-18,-46,29,-15,39,19,-54,26,-8,23,-63,-29,-53,2,19,-36,43,51,33,-14,33,48,41,-20,-47,55,-12,7,24,43,4,25,35,-22,48,-7,-20,-11,-21,-14,5,-37,-48,28,-20,32,-10,-42,-39,1,19,-41,-46,2,-51,-26,18,-37,-45,44,6,20,27,-33,25,-46,-18,-73,7,13,-24,-44,36,10,14,-17,46,11,25,8,-1,19,51,57,18,18,26,-31,38,42,21,-62,-51,31,-15,-3,-45,-51,-71,-31,-21,36,44,-31,17,-40,-16,-43,50,36,-11,16,52,-18,-3,-9,-33,-28,44,49,-43,-39,40,14,-20,45,-12,-41,-21,-23,44,-48,37,20,6,49,22,-42,22,-47,-38,-44,-7,-54,-9,56,-20,-12,-56,19,-21,54,12,-1,-14,-6,20,36,15,6,-42,-27,24
31,27,48,35,-19,-40,-29,-28,7,-26,40,-48,44,33,12,-32,40,19,38,10,-6,48,27,-35,-41,25,-33,16,-44,-12,16,4,12,17,50,27,7,-6,-13,-41,-46,23,3,44,-5,42,40,32,24,50,-37,-3,20,26,-34,-31,17,-2,37,-9,13,-31,-30,6,-1,-24,-34,-30,-39,23,-37,-25,-24,-39,-36,44,-22,6,-15,-8,43,16,2,32,-28,-20,-4,-47,49,-34,-50,4,30,43,-50,31,14,12,8,22,36,43,40,-47,-49,28,-35,-5,44,-19,22,-16,-42,-8,48,-14,1,8,-30,-7,11,28,16,42,20,-35,41,-13,34,-11,-14,-48,-13,5,-11,-18,1,-27,51,37,-2,-38,43,-12,-10,-23,-8,46,29,5,-50,26,-46,20,-48,24,33,-16,3,32,50,-32,-22,-28,13,-25,-38,-17,18,-33,42,15,-20,44,-41,39,46,14,12,29,-26,-48,-39,-1,-45,14,-19,-39,22,28,-32,16,1,22,20,-32,50,42,-45,-41,-37,-23,34,-9,-16,-31,50,12,-30,-26,6,7,-9,23,-46,-32,11,-35,-15,12,38,35,-49,-25,21,-6,49,4,2,1,6,-11,12,20,-29,-49,15,-30,-12,0,37,-36,-5,-17,-33,-47,-23,31,-4,38,-49,-41,-12,13,-31,-27,42,-39,13,-32,-32,2,-34,-43,-43,-39,28,48,6,-49,40,5,-13,43,46,-31,-48,43,10,-23,3,-24,-34,-12,6,-26,13,-33,-36,0,-15,-11,-14,-22,20,-49,-5,24,-13,-47,-1,-2,-3,-47,7,-49,-1,11,-11,39,-48,16,17,-46,20,-28,-21,45,37,-49,-5,-21,7,-12,47,25,-45,10,3,50,-15,16,39,32,-50,-47,-41,-34,23,-8,-52,-44,28,5,-33,-21,-31,48,-28,-35,18,-15,-42,-33,20,12,12,-17,-44,-7,-36,4,31,-8,-22,-16,25,-5,-11,49,28,13,13,-43,-44,41,21,3,-23,-49,-15,12,-16,4,-13,-15,-7,-4,-32,-45,-27,-12,-22,24,-9,-25,-19,-3,4,-11
49,-46,-9,-21,13,22,-40,-19,-16,-25,46,-11,-40,-41,-11,3,-14,-50,2,34,-38,51,-4,47,42,-8,24,33,36,32,49,13,26,11,10,-33,-5,-51,-20,30,-42,-37,4,35,19,48,16,16,-44,-20,-50,9,-41,4,51,-11,-11,-7,-22,37,30,9,-7,13,-17,-31,14,-25,-42,-9,-43,-44,-36,24,36,24,48,10,1,29,-9,-14,-9,5,-19,-22,45,-31,-30,-12,-49,23,-29,14,32,25,-20,-38,-3,-45,39,-39,31,-24,-17,46,13,-4,42,-13,-42,-14,-36,0,-50,-24,-4,40,-44,19,-15,-1,-43,-47,-38,8,-35,-43,44,-1,2,-23,25,0,12,31,32,24,14,42,13,-25,-28,-25,3,-40,-41,-20,-21,28,16,3,-9,25,-41,-49,14,20,-16,-4,20,10,-50,13,36,-28,-14,-40,-21,27,-43,4,33,-47,13,-11,-42,7,40,33,22,35,-27,-29,-38,-7,-18,3,-18,20,35,-46,-37,19,19,31,-13,32,20,-1,-28,15,15,32,-16,-8,17,-7,-50,-22,-23,-23,14,20,-36,-2,12,32,8,-12,-7,-47,-3,-51,-20,40,-41,47,39,29,-4,-18,-2,4,10,-48,-8,-3,24,36,-44,-29,-32,16,40,47,1,-25,38,-42,45,10,-34,38,44,-29,9,-23,-29,2,-24,-26,-46,-40,46,16,-42,30,45,-48,-33,-43,-22,27,-38,-47,-29,11,-8,-41,-9,-10,2,20,-13,6,46,-17,-42,4,49,-40,-36,48,-11,30,23,36,20,-27,-46,-28,6,-19,-3,40,39,-52,46,-52,9,-36,-46,-46,35,-50,5,24,-49,14,-22,15,-15,-26,-8,-32,-16,-19,-39,-31,21,17,9,-25,-25,11,-32,-40,-52,-51,24,-29,-5,-54,-51,-31,32,-51,-24,1,-30,-19,-9,-46,13,-18,1,-39,-40,15,0,16,20,48,-49,13,31,10,18,-33,48,-6,-43,39,-48,39,-21,-17,38,-29,-43,-21,-44,-9,-39,45,-4,-26,21,47,-28,32,-25,-15,37,-46,32,-50,13,-50
-14,3,-34,4,50,25,-18,-18,53,43,18,-28,54,-25,-8,-9,-25,-45,41,-24,6,31,56,28,0,-50,-44,-46,-13,2,2,0,-14,-36,-26,61,26,-11,68,8,-12,18,18,35,-36,-8,47,33,11,-58,-28,33,20,27,-43,4,69,-13,-6,29,30,-35,24,19,10,-32,-36,-4,26,-42,18,33,22,9,-42,42,-6,26,12,35,2,11,-18,-26,-41,9,33,-39,-37,26,-42,-43,1,19,44,13,18,-14,-27,27,6,51,-5,-35,15,16,12,17,-36,36,-11,10,-3,-21,-38,-17,37,-4,-13,23,39,3,-28,28,-10,47,47,-3,-7,-2,-2,-9,14,39,-19,48,24,-24,32,-7,51,-31,-40,-20,-13,26,-29,29,-36,-35,-7,31,-36,46,-42,22,27,-64,-50,2,68,-19,-29,11,55,-18,56,-26,-22,-2,-47,34,9,-6,-49,43,16,-49,30,-39,-16,-34,-28,50,43,34,-12,43,20,-8,-11,33,-19,-6,34,2,-42,18,-36,-42,-41,26,34,24,-3,-2,-16,20,-19,-3,20,49,18,2,-40,-21,-31,-1,1,-26,54,-15,-9,1,53,14,-42,17,34,12,-35,-46,-3,-20,-12,45,-8,-38,-11,-39,32,-45,24,-73,-26,21,4,-78,61,35,-44,28,8,-11,-35,-37,-43,-18,-2,36,-25,42,26,-14,47,24,36,12,19,22,56,6,36,-23,-8,-4,30,-11,-3,-37,12,42,29,4,47,21,-49,-25,31,15,12,25,1,-46,41,38,-1,-17,38,42,-14,-5,18,39,-2,-29,-20,-20,91,51,-57,54,94,29,-1,0,14,-44,-22,-22,-6,-47,43,1,-45,-15,14,-43,-38,63,5,10,-55,-11,94,54,-34,16,-42,-14,28,-8,23,-20,-17,30,61,10,14,-42,6,-26,12,-39,-35,29,2,-18,-12,46,52,-3,-13,11,-6,43,51,-6,43,-44,45,32,-29,27,-48,32,29,-15,14,27,14,4,-34,-28,7,7,-9,0,-40,-11,-26,-21,-2,26,-23,-22,15,26,-54,-2
-26,-9,13,15,-3,-27,-17,38,47,-11,-44,-31,38,-15,34,13,46,15,-43,53,23,38,20,-6,5,43,1,16,22,-9,10,50,-10,29,-21,-33,-22,-36,17,-26,-28,9,28,-7,19,-38,18,23,6,-41,14,52,5,-51,2,0,13,38,-45,-38,-18,0,31,48,46,37,-23,-4,-63,55,70,65,37,49,46,14,0,-13,-40,44,14,-43,-43,-18,-49,-12,50,49,-3,-27,-35,44,8,-12,24,-21,30,-18,-28,-11,-26,32,-6,39,-18,-47,21,-42,-37,21,-32,-37,46,-34,-17,-3,-25,-7,16,-22,-41,17,0,-6,-42,-23,32,-10,-36,16,-38,53,29,8,13,18,-49,-10,-14,12,38,17,24,7,-2,42,41,45,26,-13,40,7,24,13,50,-47,-2,-18,9,17,-34,18,-4,42,50,-30,-50,-60,31,24,6,-9,36,-42,-37,-7,-11,15,-28,50,-14,49,35,39,-3,30,9,-13,-3,11,-25,-13,-34,48,-32,46,-4,-36,11,-29,-23,22,-42,-36,-19,-24,-8,25,-19,-43,-11,-51,36,23,5,-19,2,62,-26,-27,16,-9,-11,-35,19,8,9,37,5,-11,-42,51,-13,-37,-73,19,-4,-3,34,-23,44,18,24,-14,-26,-25,23,-29,-22,10,-41,32,8,-47,-5,38,35,-27,-48,-8,-14,40,-20,-22,-43,-27,-51,47,12,9,-39,-31,28,-35,-22,-45,-25,-23,5,10,30,5,33,-16,-21,29,37,-44,-22,-42,43,-35,8,-25,-31,-26,6,13,-27,-10,-27,-22,-30,-22,-25,9,26,-11,-27,-61,-44,38,-20,-55,20,-41,40,34,54,62,-7,63,-32,-32,-24,42,61,-5,39,-1,4,42,-36,-31,7,4,25,31,-5,0,-10,10,47,52,15,-32,3,36,-26,0,7,38,-41,-8,45,30,-29,13,-2,-34,-29,-16,-32,42,-44,-21,49,-29,-29,8,-11,3,35,13,-4,-27,30,25,-16,9,-9,5,21,3,-3,-55,7,-41,-6,-31,23,24,-26,29,-24,23,-7,0,-40,-14
28,-51,-75,-45,-3,-35,-80,-13,5,-26,-29,-70,-15,-87,-26,3,-12,-90,-31,9,-20,-76,-21,-21,-46,-21,49,-41,-13,-37,1,24,-49,-17,-30,-44,48,13,-5,-30,-11,11,-37,-16,7,21,-41,-28,-8,35,32,27,-39,-50,-10,-17,-42,-41,22,29,-27,-1,-2,21,-56,9,-32,5,32,-57,9,31,-7,-65,21,34,-24,-63,-16,-23,-40,-48,-12,-6,2,-7,6,-82,-46,-38,-65,-19,5,-21,-3,-55,11,-40,27,10,-22,45,50,36,27,-38,-43,49,38,26,50,6,-28,-47,45,-47,50,4,36,12,10,33,-36,14,-17,-20,-9,-65,-64,-50,27,-69,22,-33,-59,-52,-56,14,-49,-27,-44,-40,-62,-45,23,-57,0,-65,-1,-60,-6,32,-23,12,37,-12,-20,17,-17,41,20,3,19,35,5,7,-55,-20,-23,46,4,-37,29,-30,-50,40,6,-5,-42,30,-14,-60,-66,8,-2,-30,8,1,-10,0,-22,5,-30,-66,21,-21,-33,-23,-16,26,40,-55,-20,-2,18,-24,-44,-8,-6,-3,-28,-49,41,-52,-16,19,-52,-20,22,-20,-33,-11,-51,-33,-3,-30,-3,-47,45,-36,36,5,30,-32,43,-29,11,43,-34,-18,-36,6,-27,34,-49,35,19,-23,48,-21,24,-27,18,-43,-20,-14,8,-49,-62,-12,-47,-83,0,4,-27,-17,-46,-1,-12,28,27,-44,-65,-20,-39,10,2,19,-1,42,-48,-51,-19,-38,-51,43,4,25,-27,-48,24,-22,25,-54,40,-28,-41,-54,-7,-56,-17,3,6,3,26,-27,-44,1,-47,9,-58,2,-19,-43,-35,35,-5,-16,10,39,40,-16,-57,19,-2,3,-47,13,43,22,-17,-14,14,-24,18,-16,5,-16,24,27,-4,6,-49,-44,-53,-9,-30,-32,-22,-14,-17,-29,1,19,26,-33,-13,-21,-41,37,7,19,14,39,-9,-11,-53,-28,-45,-34,-45,-12,1,24,-17,27,-51,-9,-31,33,47,6,23,20,-9,-30,-50,-47,-15,-42,-6,21,22,-64,9,-43,-53,-6,31,-35
-13,-30,37,-40,-22,43,-24,-4,35,12,-29,3,-1,-14,-42,11,-17,-28,26,48,24,-24,-12,3,-45,-49,-8,-42,-30,9,-52,2,36,-57,21,-65,5,-23,19,18,3,43,-25,8,-19,32,-15,-27,40,10,-28,5,-43,19,38,58,9,-20,34,-17,27,-71,31,16,-33,38,-18,-17,13,9,50,13,-15,-44,32,-8,-45,48,-10,-2,-42,-24,-27,-8,46,46,-19,-29,45,10,9,-28,37,-50,28,-18,-43,-21,-19,21,12,9,11,-40,-18,37,-30,10,46,20,31,49,18,-10,35,15,16,37,-15,-6,31,30,-41,-14,-45,46,-18,32,-6,-25,50,-24,-29,-46,-35,-26,5,-46,22,15,26,-8,40,-14,50,-46,32,-39,-3,36,-36,-30,25,54,44,65,-54,-46,-7,34,46,-50,-32,-19,-35,-23,-60,-26,6,-43,27,48,-50,0,7,15,16,1,31,35,-32,-48,-39,-11,32,-2,37,22,-14,-11,45,30,-24,28,22,-20,32,30,-34,42,-47,-16,-42,2,0,31,44,-27,57,25,12,50,10,-30,-24,-33,32,0,29,-8,41,17,-40,15,1,-15,-40,-5,20,-41,-36,-13,-18,-17,25,-2,49,61,0,-47,12,23,15,-11,-20,33,6,-45,-40,-15,-36,36,-25,37,-22,31,-47,28,36,29,-8,49,-6,1,-5,0,-22,-21,10,-12,33,-27,38,-40,-21,-2,-1,-50,-12,-1,6,10,2,-20,-37,-7,-50,43,-26,-45,34,50,-38,40,-2,-19,-19,28,21,-26,15,-13,-34,51,-22,31,15,31,19,-36,-11,-31,8,28,-31,36,-12,32,52,-36,9,6,-33,-2,19,41,-40,-51,43,11,-28,5,-34,19,2,-38,-66,-22,49,-20,-25,8,2,-46,-50,24,-22,40,-27,-17,-11,-7,-4,50,-32,30,11,45,-43,-30,-44,12,32,12,-26,-32,29,-37,40,-50,19,1,-6,-41,-26,5,-20,-23,46,-12,-44,-29,-21,-17,23,44,34,42,22,-15,40,14,-11,-36,11,-48,36,5,15,-26
-31,31,6,-21,41,-3,14,20,-14,37,8,4,-7,-5,-6,22,-19,1,-14,-32,-21,44,-46,14,-25,-5,22,-3,-8,15,-1,31,-57,42,-20,7,-5,40,-36,53,30,45,-4,45,-42,-12,38,-9,-9,-28,7,-9,11,-45,-33,13,23,5,-3,17,-55,-33,-6,-12,4,22,56,-21,-9,-25,59,-28,31,-7,-22,-8,4,43,4,-48,46,-9,37,51,23,18,-20,-6,-18,9,-46,-34,-13,-9,-10,-6,15,17,28,-19,-41,-9,25,-46,32,4,43,23,28,-18,34,3,-2,-49,7,-38,45,-8,-31,32,9,-6,29,-47,-40,37,-17,-1,46,27,-14,26,-38,-25,-6,-25,24,43,-44,-42,-34,-20,9,35,-37,5,46,-19,28,40,-13,6,13,-37,40,15,54,-45,7,37,-53,26,-39,-31,50,-47,13,-41,-36,-37,-22,25,5,-36,2,-11,-40,44,27,17,-6,2,-27,-29,45,-42,26,22,43,37,52,41,-39,27,-39,-28,27,-16,36,-32,43,-27,-16,-3,7,1,4,-21,54,-18,38,52,34,28,-17,-38,0,43,71,-49,-36,-36,-24,5,-67,25,-27,-21,-37,-7,49,-43,-43,0,63,8,14,52,8,-21,30,40,1,-5,26,9,-41,1,-14,32,-38,16,49,47,24,-8,-41,8,13,-22,-40,-33,-37,14,-39,-39,0,-33,46,-21,43,-23,20,51,8,-23,1,-24,-45,47,-38,35,8,18,-14,-35,-23,-43,3,1,33,51,2,28,-3,42,23,-4,20,-42,20,-4,11,5,58,-7,-4,31,68,38,-13,-12,-47,25,-55,18,-39,17,-23,41,-36,40,38,-63,0,7,-20,-11,25,-40,-18,-14,33,28,83,7,-26,5,20,-8,-8,-18,-1,18,-46,-12,43,-50,-39,-16,1,-28,-8,-41,19,-8,51,-48,14,-36,18,-30,39,34,-39,35,-32,15,43,46,38,42,33,25,16,18,20,7,3,-34,-25,61,-1,-2,-42,-9,10,-44,-9,34,-37,-13,-29,-1,50,-22,23,46,-2,-9
33,-52,36,-15,-8,-50,36,12,-52,24,-6,43,15,12,8,40,33,18,23,-3,-27,-36,-32,-4,36,26,-42,-7,-38,-2,4,-20,25,-43,-33,-38,20,41,42,-7,-47,-19,22,9,-19,16,-14,-4,-40,-32,-38,42,-1,-36,-16,51,-38,42,-39,-28,52,10,-33,-26,23,-5,-40,34,-28,24,8,43,-18,20,32,10,-17,34,-16,46,8,-46,-37,-17,-7,-36,28,-9,45,36,-38,-4,-8,11,3,43,-37,-53,-37,-29,5,40,0,-30,31,-21,35,-10,44,-25,-11,-10,-6,-50,-17,-10,-37,21,3,-4,29,25,-8,43,-35,-2,-29,34,-37,18,22,8,27,-8,-30,-4,-13,-34,-12,14,-41,-49,16,-4,37,46,-8,24,32,36,21,-41,-50,-17,-46,-22,4,47,-32,15,-9,-48,-4,-14,-42,26,-30,-8,-31,3,27,43,-9,27,49,19,8,15,-30,-20,42,-31,1,44,7,-46,4,-12,20,34,16,23,30,-37,-45,12,-19,5,14,43,35,-17,31,23,-46,-27,30,6,-41,-46,33,-22,43,-11,-11,-20,-33,44,32,-40,41,-20,33,-5,41,-44,-1,27,31,-20,-41,3,35,-16,-36,-5,-25,-10,-37,-42,-5,-10,3,-24,38,-10,43,37,-38,-42,-18,-12,-49,-44,-25,24,-44,-21,-36,24,23,-47,-56,-8,21,-25,-36,-32,-12,11,32,-34,-36,-32,5,-23,-5,46,9,31,-20,-33,15,41,35,-7,2,49,-14,21,-41,-6,41,35,-47,-49,-46,0,-8,-38,33,42,-18,12,-17,27,-16,42,33,13,16,-18,-22,-39,-1,-35,14,19,34,8,-28,9,-28,19,39,35,13,8,0,-43,-6,29,-14,19,-29,4,-2,17,-60,17,10,-37,-42,-32,19,41,-51,12,-19,-37,8,33,13,9,26,-29,49,-48,-32,7,29,42,6,11,20,11,43,-7,-8,-23,25,-30,32,-4,-48,-24,-8,-39,47,18,-36,45,-10,31,-51,11,-45,-42,-49,38,28,-46,38,36,-52,-27,3,20,44,-5
2,-23,12,24,22,36,-17,-46,-17,6,23,-29,8,-16,-48,-26,-3,-15,-16,-37,-41,-34,-32,-63,-33,36,-7,-12,-2,52,48,72,57,-31,-27,-30,29,60,36,-52,17,-19,-14,-4,-40,-27,-49,18,-26,36,65,-7,12,2,16,54,12,-9,-30,-69,0,39,21,29,-27,-40,56,80,34,67,-50,-47,-75,-3,-63,-9,-48,-47,-6,-57,-27,-31,22,-49,-12,27,-8,-17,27,30,-36,10,-19,30,-33,-10,-13,-70,-14,2,-24,27,-5,17,14,-32,28,7,-36,-7,13,47,11,19,-42,-23,47,-39,-42,-27,30,20,13,-17,-34,-17,17,12,-30,-9,-4,18,-65,-39,23,0,-59,-33,-19,27,-21,-38,-50,-53,-33,-47,-53,13,20,16,-48,-10,-6,0,13,28,56,56,1,37,-44,23,46,20,7,-81,-14,-37,-47,15,35,-32,6,39,46,-13,7,-40,-16,-29,-39,33,29,-3,-25,13,-33,-10,-65,10,34,10,3,-63,-19,-50,-49,-60,-10,-30,-47,-3,-18,-4,-17,-46,59,55,-9,-14,27,-27,-33,36,-15,-25,22,-67,32,11,45,-31,14,21,31,33,39,22,-29,28,-22,11,54,-37,-21,-6,-45,-44,-58,-15,-19,16,26,0,15,28,-11,-23,36,-18,-4,-60,23,31,-20,-34,31,13,19,5,-10,-67,-40,-44,38,-49,31,-17,-52,-42,43,36,-8,-28,-33,19,-23,26,-20,-25,47,-20,-32,-51,-19,-33,-1,15,6,-44,-43,26,-45,1,-6,0,-53,-26,-46,-10,-25,-24,-33,23,1,30,-62,-10,6,-24,-16,0,-25,-33,7,3,-46,32,45,27,21,6,41,14,-4,8,0,43,42,43,61,22,46,-56,-40,-11,25,34,21,36,67,28,3,-33,40,-8,8,19,-48,22,-51,0,43,41,-10,23,37,-7,-39,-25,20,8,-53,-56,-20,9,-54,-15,1,16,7,-32,20,6,-50,36,66,37,-7,-28,12,-25,12,-15,-14,-42,-39,-36,31,-54,-11,-23,18,22,-55,22,-28,12,-43,32
-45,-5,-11,22,-39,19,-4,-4,-71,-30,1,-33,-60,-49,7,-67,-1,8,-73,-71,20,-71,-27,-54,-21,-27,35,2,30,-33,8,38,43,7,9,38,-14,47,39,49,-40,-3,-31,-31,-37,32,-37,-23,43,30,25,-32,-9,-38,-53,-32,37,-23,-26,-28,-3,40,41,11,-15,-19,23,-31,10,-54,-1,-48,-48,-15,15,29,28,-7,-49,-46,11,14,-70,-62,-55,-51,12,7,-25,24,-15,-26,12,-6,-46,-52,-43,-42,18,-38,-17,36,-39,-20,16,-46,-9,32,-7,-19,15,-2,16,-4,21,9,-27,-50,46,2,-49,48,41,24,1,-25,-3,-30,32,-6,19,10,8,-51,-55,-39,9,-65,-16,16,6,-55,-53,17,0,31,-33,19,-42,-56,-31,-35,-7,-14,-6,18,-2,-1,14,8,0,-56,-20,40,-18,-1,21,-41,-28,0,36,-39,-29,24,28,45,10,-20,30,-37,-52,-38,23,24,14,-25,22,-33,-2,-74,-33,11,-58,-34,-30,-26,-27,17,-44,29,-49,-21,34,41,-17,35,39,-33,-7,-34,-46,-9,-46,3,-13,2,-2,-55,0,-30,-47,1,-64,25,24,-16,7,2,46,-45,16,10,-18,-44,-44,-43,-6,-12,-8,36,-27,-52,-46,-43,21,-51,-44,6,-52,-39,-32,-70,14,21,-36,3,23,-8,-23,17,-12,-38,-56,-17,2,-64,-34,-54,9,-51,-23,-28,-27,17,-13,-31,-36,-4,-9,38,-52,-1,32,-7,-48,-49,22,18,2,16,31,11,-15,-9,-58,25,-57,-33,-19,-20,-51,36,-8,27,-38,31,21,-43,-4,30,-20,-34,-34,40,-42,5,-10,7,-48,28,34,-8,9,-24,43,-52,9,7,-39,2,22,-31,33,-53,-44,45,-5,-12,-10,42,-26,-15,40,16,-42,23,-45,17,-14,-44,-33,13,-27,12,45,-1,-22,7,34,16,-2,15,-39,22,35,34,13,15,3,-23,-40,26,-36,-6,-39,28,-45,8,-46,-20,-21,22,1,8,22,-21,-38,-14,-49,3,34,9,-21,9,-59,-46,-50,14,14,-51
-22,40,9,19,-48,41,-41,-45,7,-46,-15,6,-47,-1,-34,-38,-10,-38,13,-30,-41,-55,-10,-66,-15,47,36,-16,-3,32,-36,34,-41,22,-34,-36,-23,9,38,-53,48,24,6,16,-25,-23,24,-29,-29,12,35,3,-14,26,11,-50,18,-2,35,-35,-38,-40,28,9,-45,-40,-20,-37,27,36,31,7,-52,-14,28,39,-55,21,8,14,11,32,-61,-44,-19,-51,-34,-6,-53,10,-58,4,10,18,-45,-40,7,-31,-22,-10,-3,-27,44,-42,16,-5,-6,-39,-5,-44,-43,-47,-14,31,45,43,37,-17,6,23,-31,-22,30,-21,-32,45,24,-48,-42,-39,-39,35,-57,-50,16,5,34,31,2,38,-49,-26,1,-3,-35,-33,27,-46,-34,29,-22,29,-28,21,-27,-37,-5,-5,-39,13,-12,-17,-39,-14,-22,-47,42,30,-3,4,-46,-18,19,40,-10,-51,36,14,-48,-43,-13,-18,-58,35,-54,23,-32,9,5,-38,33,-11,10,6,-33,-20,-34,-17,-64,17,21,8,-38,28,27,-26,-35,-35,16,4,-16,-44,-48,7,37,16,-16,2,1,-30,9,-23,-9,24,-50,28,27,-31,-29,-22,13,21,-37,22,-15,-26,33,-1,-47,-42,45,32,8,-33,13,12,-20,35,52,46,35,-22,13,10,-13,-20,-17,28,-26,-14,29,5,-4,-43,-8,7,-55,-26,6,-46,-48,31,-51,-43,-44,11,-32,12,-38,-15,-29,-43,-32,20,3,-18,-22,-30,14,37,3,-21,-18,-22,-16,-33,43,35,-35,13,-23,31,-25,-39,-21,-13,35,-56,32,-27,19,-18,-61,-36,39,0,-47,-39,32,-15,-8,-62,37,-2,-12,16,24,-18,-39,4,-48,-2,37,-13,-57,33,15,24,30,-55,26,3,25,10,-31,36,-10,-4,-63,-48,2,1,17,-25,24,33,13,-52,-45,-12,7,12,42,21,-33,38,22,-51,44,30,-48,-37,-35,-21,-22,7,9,34,43,-43,45,6,39,-16,16,-1,6,21,-3,-9,14,10,40,-3,-54,-20,19,-42,17,31
-50,-37,1,-1,10,-9,-11,-12,-28,30,-1,-18,-29,-17,-20,20,-51,-45,-1,28,-48,11,-63,-12,26,5,7,-10,-48,19,38,32,-9,46,-49,-36,40,-10,37,-15,-36,45,-47,-19,-44,12,-26,-21,-13,3,-48,-4,-38,-47,-47,25,-25,-19,-33,-30,28,21,40,-19,29,-45,-34,-46,-13,35,-40,-12,43,17,19,-51,9,-27,-40,-31,-29,-9,28,17,-24,-45,-71,-35,37,19,-23,6,-46,30,-35,-13,-2,-29,32,-17,22,10,-8,1,-40,44,4,45,-13,48,37,-38,34,-6,-1,-20,37,9,33,18,-20,41,-43,3,4,43,-40,-12,-50,-57,-5,6,4,25,16,27,30,-24,3,-8,3,-45,-23,-6,-37,27,16,-39,28,-25,-56,-51,-46,4,-4,-54,10,2,-13,5,-46,30,-13,-28,35,41,-6,-35,-49,10,36,6,21,-22,28,44,-55,15,-30,-26,7,-26,-41,-20,-51,32,-36,17,26,29,-27,-40,-24,-8,-54,-19,12,-59,-22,4,2,-45,1,-14,27,14,-21,-2,-20,37,-52,10,12,35,38,-19,30,-14,-51,2,-34,-1,21,22,-45,-21,-26,0,-27,-13,-17,18,-20,49,4,-32,14,49,15,-25,23,-36,32,-13,45,17,17,-11,23,-8,-54,-52,-50,11,-50,-43,-43,0,-20,20,-7,-54,-21,20,-14,-18,-8,1,-15,6,8,-1,-14,-38,-11,-17,-6,49,-19,15,23,28,-31,-22,25,-47,17,36,-34,-9,-31,-31,37,1,-42,-31,10,-38,-26,-42,26,-32,-33,28,-8,-15,-27,-28,-22,28,-23,-29,-50,-44,-42,9,-45,45,-12,-26,-30,-9,-17,-33,7,16,27,34,-40,5,32,-26,40,-38,16,-33,-35,29,21,21,-51,-19,-14,-46,-16,-55,-53,-26,-11,17,-54,-49,13,-12,46,-15,41,-51,16,-25,-11,-10,33,-23,-40,-29,-39,-46,-33,-19,39,-36,-52,-52,-16,-27,43,-49,-7,44,40,-43,31,13,-34,13,-30,-30,-8,12,38,-2,21,-5,-38,-33,-50,-33,-50,-16
-9,40,39,53,-8,-32,-33,7,7,18,-34,20,17,53,47,63,0,-16,-13,-17,8,6,74,7,61,30,2,21,-16,-50,-42,2,-22,45,3,38,2,17,50,64,68,41,-47,7,-43,-38,-54,-5,8,-42,12,-32,-10,-18,10,41,59,7,92,-21,50,9,-22,-1,20,-51,-8,30,-3,15,-9,-25,-64,-49,-11,10,-14,12,-20,-20,32,20,30,42,-21,42,6,-13,62,-2,10,46,10,27,8,36,59,56,-24,25,-17,-40,-28,-8,2,-2,3,-48,26,-34,4,32,6,17,-35,-15,6,39,20,-19,-21,27,44,-21,-6,-14,7,51,-2,55,27,-32,20,-25,38,-12,18,69,40,31,-13,-16,11,-19,44,33,51,-18,10,6,-4,10,-55,-41,-42,-31,-20,-52,35,22,45,-7,-29,-34,8,67,-22,22,-17,31,36,1,-23,-21,31,15,21,-22,-31,47,-29,36,22,25,36,-21,49,47,12,-16,57,-21,26,-7,-3,29,26,58,-2,-19,18,25,1,-38,2,36,25,-71,-15,-20,73,61,-69,-42,4,13,3,26,-11,-36,1,-17,-19,43,52,34,-31,-46,-1,-60,7,14,-18,13,-30,-12,-31,15,40,49,48,14,7,-5,28,35,3,27,39,49,47,2,30,-14,-38,-21,19,-20,16,-33,49,7,25,6,-39,37,-24,-11,44,-11,-7,34,2,20,49,36,46,-10,22,16,19,-14,28,-41,30,-12,29,4,23,-29,48,-9,43,-40,-20,1,16,12,-44,18,13,52,-14,-24,57,-20,16,24,-19,24,25,-48,26,16,-68,42,-15,-24,40,-28,-33,-19,15,18,22,17,-10,-22,23,6,-8,25,72,-6,73,-31,65,14,-43,-42,27,29,-34,-35,-43,1,26,-32,-21,16,-11,16,37,-23,-18,46,-22,-30,51,-16,15,2,28,31,19,-11,-46,-22,-40,-11,43,-41,18,46,42,33,-44,-60,-30,11,14,-6,-33,-49,31,8,57,-8,44,-34,-16,17,-26,20,-8,44,-31,-38,46,63
-26,-13,-45,-7,36,0,16,32,-49,-29,-30,47,-10,-57,-20,-14,-13,37,25,23,13,-28,24,18,46,16,-28,11,-46,-2,0,-45,-55,-33,-45,10,-44,-14,-22,32,-32,34,-13,26,11,-3,16,7,-42,-25,23,-40,-15,-1,29,-10,-41,-6,39,-21,-13,-28,-57,-29,33,-37,4,-4,-10,30,44,5,-11,-25,-28,-6,-43,-53,40,36,-11,-36,-1,11,-35,33,-28,18,32,27,43,11,-3,17,-7,-4,5,25,-16,-15,-31,2,-27,-4,-4,-30,-8,-18,22,-24,-4,37,15,41,-32,18,21,-44,-8,-27,26,26,26,3,-15,-20,-32,-49,-14,-42,-5,-5,32,-54,27,-11,-47,-22,-21,-4,12,1,18,12,-39,-33,-44,-23,33,-10,-9,-41,27,16,22,-13,-62,26,-38,36,-60,4,-20,-3,-38,-17,-35,24,5,14,-20,-42,-19,45,26,3,-41,-5,-11,-47,-34,-41,-26,37,-57,-31,-9,-56,-54,-5,-34,-46,6,-9,15,-1,3,8,17,-23,-43,12,44,-37,10,-23,-7,-42,22,-45,-21,-21,-12,17,37,79,-26,-44,-49,6,20,-28,-44,-38,59,-10,-36,-27,-53,-12,-6,37,-32,15,-13,20,46,17,-16,-13,14,27,29,5,3,5,-35,-11,-44,-45,27,-4,2,24,-26,-29,-54,-42,-62,6,6,-27,-15,-41,-4,30,-35,-55,-27,49,6,36,-9,18,-34,-33,-47,-33,23,-36,10,21,-33,11,-2,-42,-19,-37,37,-55,6,-46,-41,12,24,-47,35,-51,-58,39,23,-2,-41,-4,-34,-15,44,9,8,40,48,23,-44,39,43,45,41,-43,11,-30,34,-19,-11,-22,31,-22,-19,6,41,23,4,35,-15,32,-13,5,11,-10,-39,4,1,39,2,-17,-28,0,-13,-17,-4,22,42,-14,28,39,0,-6,10,4,28,26,-19,-39,-28,-32,10,-32,-8,7,8,29,3,-17,2,-47,31,21,25,31,0,24,32,12,20,21,2,-20,41,30,-3,-2,42,-49,29,-9,-5,15,-28,41,-20,53
-11,18,47,-42,-43,48,9,13,-30,47,41,30,24,26,42,-39,-9,32,37,-48,7,-10,-38,60,-41,-41,5,38,17,16,-2,30,30,21,-44,16,13,-41,34,14,77,24,20,-1,36,-18,-16,-27,24,6,-38,-13,26,17,7,-49,21,18,23,-11,-41,1,71,19,-18,3,30,-29,-26,-68,-7,11,4,-52,-15,27,-11,45,-42,18,-18,-20,45,13,-47,-46,-8,-31,19,42,6,-10,-42,27,51,13,31,-36,-28,-53,-50,39,16,-47,49,46,35,18,-45,29,49,11,-39,-10,21,43,14,-3,-23,16,4,5,13,-48,-9,-37,-36,-29,-46,-8,22,17,-25,24,24,42,37,-35,-12,-23,14,-30,45,-26,-36,-27,-46,48,8,22,-46,-11,16,-35,-43,16,48,21,22,-21,-23,16,25,40,11,55,48,17,-36,21,50,23,38,27,-20,3,28,38,-36,0,-33,-13,48,47,-33,-8,30,37,-40,-32,38,-33,3,40,-28,8,-1,-43,53,31,19,36,-21,41,35,-29,0,29,23,-25,-8,-21,30,-31,23,-27,-23,-15,-75,-61,-65,-29,-38,-15,1,-1,-10,9,-47,-13,12,2,-3,-9,-3,52,37,-64,38,-10,-48,-2,29,56,-47,-35,1,72,-22,-36,9,9,-13,37,30,26,28,-35,60,47,26,-36,-23,-1,25,11,-47,59,45,41,53,12,57,-13,-7,5,-15,29,-37,-35,26,-8,21,2,48,-48,-47,5,-9,31,-28,-36,-46,35,9,29,45,12,-48,-26,41,-13,-43,-7,66,14,-19,35,-1,15,29,65,51,57,29,-113,-44,36,-33,-72,64,47,-30,-67,-49,-15,-9,-23,30,-27,36,-25,8,17,27,42,34,8,16,1,-43,-71,3,26,9,48,-41,-50,-28,-52,5,31,47,15,-16,43,39,24,-2,23,-11,10,-44,-45,-26,-5,-12,-34,47,-6,-15,42,10,-30,21,13,-59,22,-35,-33,-26,-40,23,-15,13,21,-21,-26,13,-48,-37,-9,49,-17,51,39,-51,-9,-34,-12
4,4,5,-46,-26,29,-1,-38,-52,11,-21,20,-37,9,-35,9,-18,-18,40,45,-21,-25,44,25,36,30,-2,50,5,26,-43,-38,-59,24,31,-50,30,34,31,9,-25,16,31,11,-15,-10,32,-19,-6,-11,-60,-28,60,-41,22,-11,12,54,-35,4,-7,40,-49,-27,-16,35,-3,-52,-2,-9,-18,5,-8,18,-8,-10,17,-50,43,9,35,-16,17,-38,-10,-16,-10,5,-35,37,-14,-47,32,-20,20,-34,3,-50,-43,-10,-35,34,-32,-23,-31,-36,-27,34,31,15,13,-9,-23,-50,-2,-18,4,-36,-35,-50,-35,38,44,44,11,-12,-33,40,31,31,40,28,6,14,28,21,-19,42,-53,16,17,-45,28,-50,-38,-17,37,1,12,39,12,20,-22,-27,23,45,44,35,-42,38,-17,9,-11,-19,3,23,8,13,11,-26,1,-37,-30,-33,20,2,7,28,-30,23,6,46,-2,-44,-17,-8,39,-43,-52,37,-43,-42,-23,2,-8,2,-46,-43,-19,-20,-4,-53,51,-29,39,6,47,-12,-26,32,-16,9,10,-40,43,0,9,-2,-33,-16,45,-4,11,53,11,30,-29,-4,28,-27,5,5,25,-26,4,0,-42,40,-8,-25,-50,1,20,6,11,-10,7,52,-25,0,10,-36,-45,-5,33,27,-22,43,-7,-36,-11,18,29,-44,-12,-20,-45,-50,15,-49,36,16,2,-15,-23,13,14,19,-8,-49,5,25,-47,-21,-9,7,-47,46,43,-14,40,-25,25,-3,-13,31,-42,-7,21,-35,1,29,-21,-50,-38,13,-33,0,-34,-18,-21,-10,36,20,26,47,-2,36,-39,-33,-25,22,-21,16,44,12,12,-62,-51,-46,-63,-21,-62,12,10,-38,-31,12,16,23,-60,-57,-21,37,-10,27,-20,47,34,-18,-29,-36,49,-7,-27,-26,28,9,-13,-37,14,-16,37,25,15,-40,8,-50,37,-20,16,-1,-3,-28,-7,40,-29,-20,38,-36,-34,56,12,22,-7,15,62,45,10,-39,45,-4,-42,37,29,31,-14,3,42,-47
-8,1,38,-37,7,2,-7,22,-12,32,6,19,7,31,-16,-4,46,-18,-11,29,44,-32,-31,23,22,1,10,52,-14,15,-5,41,30,36,37,6,-36,47,23,37,-49,-5,-2,51,-13,19,52,50,15,-39,-2,-37,-17,25,15,-11,20,25,-42,-41,10,2,-46,-41,33,-34,-22,12,44,15,-51,52,-24,48,-36,-7,-49,-5,-3,-19,-35,-34,24,-7,-42,40,-8,-34,44,-15,-48,16,14,-28,27,10,-42,15,41,27,38,-11,-32,-41,-47,-33,36,22,28,28,46,14,-44,-49,47,-49,-22,-24,-45,33,45,31,47,-2,-7,-2,30,-43,9,-13,44,1,-29,-35,-16,16,3,-45,-43,-40,15,1,2,37,-26,14,-25,-23,-22,0,29,42,-50,23,24,-3,45,-14,1,-30,-24,-20,12,22,-39,-51,3,-34,-30,21,10,28,30,9,-5,-21,46,-21,17,-49,13,-22,37,2,-1,23,-28,-9,-26,0,-16,42,-29,50,12,14,-43,27,-3,-50,-30,-19,-46,-26,43,6,46,-37,5,-8,-20,-28,44,8,-8,-38,-49,-7,0,11,23,-19,24,-21,-16,-42,-31,21,-41,-43,41,-10,44,3,10,33,26,30,0,-44,41,-17,-20,25,-5,-1,11,4,-47,-6,-47,29,33,-42,-39,-9,26,-28,-51,-18,-26,18,-27,-12,-21,9,39,-39,24,13,-10,36,-38,-26,3,-2,-31,-6,23,-50,-49,19,33,46,-30,-15,42,-22,6,14,50,5,-31,-2,41,-41,-37,45,-16,-44,-5,-12,-37,-17,-26,-1,-26,-44,19,-43,31,37,-41,-12,-22,20,56,15,-51,19,38,-5,3,38,39,34,-12,-25,-51,43,-8,31,36,42,6,41,-12,-24,39,-6,-10,12,13,-33,34,7,-9,-54,-50,-21,-34,11,11,32,45,-5,-3,29,9,8,-34,-19,-25,-41,-10,-9,24,-31,-38,6,10,-49,-29,-42,22,5,31,-4,-23,-46,-42,-3,-1,-18,-10,28,-33,-59,-44,-38,-25,-41,-25,-15,-37,24,-13,-49,16,-9
-12,38,21,-17,-52,-7,-15,-7,-31,15,-42,-33,-38,-20,-52,-31,-12,14,11,33,-44,31,-28,30,-2,4,-9,43,38,-10,-38,15,-23,9,51,51,49,-19,45,-5,47,-9,-15,39,-34,-34,23,-28,-37,-45,-20,-7,61,68,51,-47,1,9,-20,27,2,-46,31,-53,6,23,31,29,-13,-18,-15,-4,37,16,-33,10,-41,-17,-4,-31,-2,-4,10,-24,29,22,-9,38,-46,48,-1,-5,27,19,-14,21,7,22,33,47,-3,8,-8,-43,-3,-1,-50,4,-14,2,-8,35,5,13,-46,-31,49,18,6,-46,-14,-31,16,-4,-12,-26,-42,27,-36,24,-15,30,20,13,-49,7,-33,-18,-15,42,29,10,-19,-20,29,-6,37,-6,18,49,45,-34,-43,-52,-3,10,9,-38,-3,43,6,-29,23,47,-8,-23,-35,18,11,52,-20,-8,-27,-46,-11,-30,47,13,-44,12,-33,3,-3,0,46,-38,11,5,35,43,10,-24,-48,-48,-25,-48,-25,39,5,49,45,-42,-34,-6,8,-12,-34,25,-16,26,-33,49,-19,-63,-31,14,-11,-38,2,-40,-7,-26,13,8,39,-33,6,-2,-46,32,47,-44,-22,-15,41,-31,5,-60,38,44,1,-22,-62,43,57,44,-10,7,52,1,-57,-14,33,-31,15,28,25,-36,-23,-39,-13,-41,-55,-34,26,-4,-35,16,33,-49,29,34,21,-32,-25,-36,38,-44,20,11,11,16,51,-38,42,-50,18,-5,-36,26,-37,-21,35,10,-15,-34,-5,-19,-39,30,7,18,34,26,-19,20,5,30,-28,-42,-34,-14,-8,13,-31,15,-2,-2,-51,-44,-32,1,-36,-27,29,15,11,24,67,3,53,3,40,-23,11,9,19,8,4,31,2,61,30,-60,-9,-59,67,45,-14,-8,-37,-21,-50,-37,23,47,-25,-31,-10,28,-17,6,30,-9,-17,-9,-41,-28,17,50,19,-42,1,31,44,-46,-8,-21,-16,-31,29,44,-34,-57,-61,-18,-49,-28,31,17,41,28,16,-12,-40,25,-55,-62,-50,29
21,-10,9,-46,-8,-29,15,-3,-65,18,-20,0,-83,-80,-48,8,-54,-57,-62,4,-79,-27,-94,-12,-56,45,-48,-50,44,-43,13,46,-2,-31,12,-45,40,5,-8,26,-13,-8,-35,41,-29,-43,44,-43,-14,28,33,-21,-39,-61,38,31,7,36,29,-58,13,10,35,39,9,13,-2,-2,-55,3,9,-44,-19,-24,-26,15,-27,1,-65,-49,25,-3,-52,-17,-40,10,-37,0,6,-67,-30,-51,-5,11,12,6,6,-67,-52,-38,-21,44,-31,41,-46,-7,49,39,18,-49,35,-14,48,20,-10,-7,49,-24,22,48,-32,-10,-23,18,28,-44,33,-8,16,11,26,-23,-45,-51,15,27,17,-52,-63,18,5,-1,-60,-67,17,13,17,17,-66,-52,-37,-41,5,21,6,-26,-10,-10,27,-46,10,-55,-47,38,-50,-16,-30,-20,-29,-31,-8,-52,48,-50,-3,-44,-32,-1,-4,-2,35,-3,-76,-49,-37,6,-7,-19,-37,-66,18,8,-2,17,-37,-25,11,-69,-55,17,35,34,12,-47,43,-21,-25,-27,5,-51,-15,-54,5,29,35,-33,23,-25,-60,-27,13,-50,-37,14,1,-6,-13,35,6,-50,-12,25,1,-33,14,-54,-4,-27,-47,-29,43,-22,-2,-42,40,3,-43,32,35,-16,-35,9,-71,16,-24,-46,-51,-6,-17,-1,-28,-4,-75,-27,-3,-26,-31,-29,6,-18,-10,-39,-37,-62,-34,-14,27,-18,9,12,-46,-2,-19,13,-2,-49,9,-52,1,-9,-51,-19,28,-14,14,30,23,-13,-32,-9,-43,-51,6,-47,34,-35,-60,13,15,29,21,-15,-29,-37,-45,5,-64,-20,44,34,-30,-30,-55,13,-38,15,-50,-36,19,-15,13,-56,-35,-41,-44,-35,25,-11,-15,-10,12,-45,-27,-24,-26,-30,10,-45,36,24,33,8,-51,38,-29,1,-39,-24,-28,46,4,23,-53,-16,32,-19,-12,25,-38,37,14,24,-34,-7,-9,-32,-30,34,-32,1,-49,-51,14,-36,-48,-14,-5,-2,7,-24,22,-63,-71,-73,-48,-42,-12,-48,2,-51
-20,15,0,-30,25,14,9,-40,9,-39,-8,38,4,-9,-16,-19,-24,20,-31,-19,-17,24,-19,-30,-6,30,-38,33,-31,39,-36,-1,45,-41,19,-40,12,-52,-42,-40,54,3,-8,-22,9,-45,-4,-22,40,-38,-27,24,19,27,10,-5,31,40,-11,37,39,-14,36,23,-6,-15,-29,-10,17,-52,8,25,-23,-36,24,33,-18,-38,-8,43,6,-28,-9,39,-18,18,-15,-44,-35,-5,37,27,-30,-5,-26,1,-58,-22,36,-32,45,-49,30,31,12,46,0,-19,47,-13,-42,-24,15,16,-28,26,44,24,-45,-6,25,-44,43,15,-13,-18,22,-10,-4,43,10,-53,-11,0,35,42,-56,-20,0,-50,-8,-16,4,-8,-41,14,35,30,6,34,15,9,-43,-36,34,36,21,-22,26,-15,-21,16,-23,6,44,28,13,6,-43,5,32,-42,4,-33,-52,27,-22,8,-3,17,46,36,14,-52,1,-37,35,-50,-66,-5,-3,-17,-12,-58,-15,-18,13,-26,18,-16,-10,33,-6,19,35,-6,-27,-27,-7,-18,-29,47,2,44,-3,-51,-4,-5,30,-47,34,6,-33,8,-12,33,14,-40,27,-18,-44,-26,-39,-19,-13,-17,-7,-53,17,6,36,27,-42,30,-47,9,-6,26,23,-31,-19,-33,0,-9,-51,-1,-52,6,-19,21,-26,23,25,-9,-45,-8,17,-46,-33,-12,-10,14,-42,16,30,14,15,4,48,-14,30,-34,-5,-20,28,45,41,14,-51,35,5,-10,43,-14,-4,4,-45,34,18,-36,-12,61,48,-49,6,-44,-13,-14,13,-35,28,-17,2,36,16,-33,-43,-29,2,23,-2,1,6,-39,-54,-42,-11,20,-37,29,12,14,13,-10,25,-37,-31,15,32,36,17,-52,-28,29,14,17,-12,-15,-45,-36,-9,28,-38,-48,-20,32,-17,11,-42,24,-11,33,3,-35,28,-50,-46,-9,44,-43,5,3,36,-40,25,-21,-44,24,42,41,37,29,-21,25,-24,-38,-29,-54,-53,45,13,36,-9,24,-2,-16,16,-11,-37,1
9,31,-27,21,7,15,-23,11,32,27,-20,23,-28,-51,-27,32,-26,-31,-37,-3,1,-37,26,-50,-26,49,27,-26,6,37,-15,37,26,11,-59,34,6,-18,-11,-12,-28,-27,-17,-32,40,32,2,-34,62,17,-41,44,-30,-2,17,-43,3,21,4,0,-57,-24,-88,7,41,-37,45,-33,11,-3,35,31,-11,-43,-45,19,21,-34,-53,-12,-46,-42,-24,32,-11,-57,11,-38,18,-44,-10,25,-10,-50,-21,-10,25,-14,5,-18,42,32,-32,48,-7,-6,48,-1,34,-39,3,9,-37,26,44,-47,-40,-19,-35,-31,7,-11,9,-12,49,39,18,3,31,-11,-24,10,-37,8,-34,-44,-23,25,-57,21,-12,-8,-47,40,2,34,36,24,33,-25,-23,-24,5,15,-13,36,-1,40,-39,-44,23,-49,-4,-52,9,3,25,-1,25,16,45,-26,-23,-4,-22,6,-37,37,-40,25,-7,23,32,-29,-51,20,7,33,28,33,-12,-56,-53,10,-32,-1,30,33,34,-32,45,-7,-3,52,43,40,-11,-15,2,30,-33,-30,-16,31,-45,-65,-64,-24,34,-59,1,9,41,1,-14,20,-48,46,23,-32,43,30,13,-16,-4,30,25,-35,28,-7,-44,-9,17,-1,9,12,-14,60,-12,-39,47,25,6,-30,-36,-48,-4,-21,-50,-45,21,-57,-4,-12,-30,-41,25,-17,-44,44,33,-32,1,25,28,-29,-10,-22,48,25,4,-13,31,18,18,45,-35,20,24,46,-46,48,44,38,13,-48,-5,0,32,-35,16,12,-26,30,-31,-3,25,-30,1,39,27,-12,14,18,-7,-24,26,25,-12,-19,13,43,-55,-3,29,-24,31,54,-1,49,6,25,-70,3,39,-36,12,-75,61,45,35,27,12,26,67,25,-26,25,-19,27,-43,-32,-23,29,-7,-18,27,-37,7,-7,-6,-18,22,-24,9,-3,-36,-48,-31,-43,-15,19,26,43,43,11,2,-7,24,-4,-45,-26,55,38,-39,-16,-48,5,-46,-5,-3,-20,4,38,6,23,20,-14,22,1
32,-45,19,35,-5,-45,26,-24,-22,-28,43,1,48,-10,-25,45,35,-21,-30,48,23,-4,-26,-11,17,40,0,-7,8,-29,-46,-24,-7,64,30,6,23,61,52,23,17,11,-9,2,0,19,-47,-35,-3,-45,34,49,38,-31,46,-33,-7,-25,-58,-7,-3,21,-9,25,-37,6,-22,28,-30,-43,10,-22,27,3,49,-7,-1,-16,-29,6,-24,39,2,6,-17,-7,-23,29,-2,-18,33,12,-40,55,-30,7,46,39,-19,-9,-29,-36,3,29,-25,5,33,31,-19,-36,-8,2,-41,32,-49,25,-34,-10,0,34,37,-17,-16,-2,45,-24,18,-35,9,43,-49,-11,-7,26,23,29,37,-33,20,33,3,42,19,-34,8,-3,10,52,-10,-43,11,25,-59,4,23,-52,-16,-4,20,42,20,-2,6,-17,53,-5,27,37,-16,-26,-30,-21,-35,5,-47,25,31,-38,-3,40,38,15,-38,30,25,15,11,13,19,36,29,5,-30,-16,20,-29,-38,12,44,-23,6,4,40,27,-11,-15,31,15,-51,-21,14,-15,2,15,15,-43,-54,-39,15,4,32,-8,30,43,38,23,36,32,-7,-13,28,10,20,22,-57,10,-37,23,-21,11,1,1,-23,5,-57,-38,19,22,-28,8,-26,18,8,-32,23,26,-18,-40,-3,16,-6,-7,-35,26,4,-30,-42,-25,41,39,-17,-6,-17,2,-20,22,42,8,1,38,-11,18,3,-25,43,32,-43,48,-3,17,-2,27,-15,49,-42,-45,11,42,-10,-2,49,18,-18,41,-36,23,-64,42,-51,-28,-31,64,-44,17,-52,-21,5,6,-7,9,32,-44,-43,14,42,19,21,-25,75,33,-28,-15,28,-35,-39,-1,9,30,-9,-31,-14,-28,-6,-51,9,-54,50,22,18,-8,-28,-24,34,35,2,13,-48,-30,11,-45,0,19,17,-47,22,12,-40,21,9,-43,-21,18,13,-20,49,28,9,36,22,-4,30,-44,1,-1,27,46,1,44,-18,32,-41,37,-31,-20,33,-31,38,-8,-8,-36
26,-67,-67,-15,23,-20,-46,-52,-7,-7,-8,-4,-39,-46,-68,18,-1,-26,-42,6,-40,-9,-37,-81,9,45,-32,21,1,-7,15,-4,-45,19,22,-11,6,-26,-28,-31,-40,-14,-51,-25,-28,-14,12,9,30,18,-9,25,5,14,-32,37,-33,38,35,-11,-11,-29,15,-55,32,-17,-37,11,25,19,-44,14,-2,-69,-63,11,-10,-94,8,-54,23,-21,-46,-62,-15,-79,-54,-23,-6,-30,9,3,5,-68,19,-13,-10,-49,21,-45,-20,-12,20,-4,-3,-25,23,-37,9,25,-51,12,3,49,11,33,4,-48,18,-48,-51,-6,40,-49,-21,-55,-9,-34,23,7,11,24,-70,10,-9,-57,-35,-36,13,-59,-33,-3,-38,-75,8,-23,8,-68,-26,-25,2,20,15,32,-36,30,24,-10,37,-44,-52,-37,42,-33,-16,12,7,-39,24,13,31,37,-51,30,28,27,13,2,-15,40,11,-63,-34,21,-8,32,-28,14,-4,-67,11,19,-2,-36,-41,-52,-27,20,-57,-35,-34,36,-42,-50,34,-17,-15,11,-2,-7,-15,-6,29,15,30,-47,38,-48,-46,11,28,-16,16,-16,-18,23,-14,26,20,3,-36,-45,40,39,-26,-57,-27,-28,-27,-32,-50,16,-7,26,-38,-16,-18,30,25,-5,-54,3,0,-36,-66,-47,-83,-6,-62,-9,16,1,-23,-4,-41,-51,-38,0,-37,-56,-20,-66,-60,-55,-54,-12,14,38,-36,-6,0,-23,32,-1,-28,41,-1,-35,0,6,21,9,-58,-1,-46,-25,17,-12,-33,-52,26,-56,-19,13,-50,7,25,-34,-11,20,-16,-13,-45,-19,27,-12,-8,9,30,-55,3,-35,-24,2,1,-16,22,-24,-42,-32,43,-32,-18,-22,-35,-31,28,-24,-16,-22,-36,43,39,-20,-42,-5,-49,-3,-56,-31,12,13,-42,-6,12,36,25,-10,-46,-31,-32,-3,-23,30,-8,34,-18,-34,39,-10,2,-10,-10,20,14,19,32,-44,-20,20,-17,19,-5,-12,-2,-5,27,3,6,-17,-46,-7,-38,22,4,-5,40,-54,6,-61
1,-41,40,13,8,-16,-3,33,41,39,7,-8,36,-30,9,-49,-45,28,-48,-3,12,4,-51,-51,-48,48,-3,28,-50,0,-36,-37,18,8,-23,-39,-7,6,40,-30,-36,47,33,17,-59,3,30,24,-44,-61,31,29,6,42,41,33,-42,-21,36,34,-7,2,19,43,-38,9,-47,14,8,11,-20,44,-32,-27,-14,-45,-42,-32,-36,9,20,34,40,14,-21,43,1,19,-21,-25,15,-41,11,-14,16,-26,-38,43,-19,10,10,25,-41,-36,6,-39,25,-27,-24,48,0,-25,7,7,-33,-37,1,-42,-10,7,-26,35,-22,31,-41,2,-30,-51,-28,-29,-51,-51,22,-30,-17,41,15,-18,-11,40,10,39,45,17,2,41,-17,50,12,-48,-15,-16,44,-29,47,41,47,33,22,-21,-39,31,28,-8,37,30,36,5,10,-30,-3,-43,-18,-49,14,-20,16,-18,9,-15,48,-33,48,26,11,41,21,-5,44,26,-2,-8,-27,18,-28,-8,-34,10,6,-6,5,-10,-39,26,29,-50,18,-44,35,-29,-43,-38,0,-3,-7,-34,-24,10,-6,14,-55,18,-10,19,28,34,-37,46,-5,-49,-10,30,24,49,25,-48,-1,-11,42,-36,-21,-35,26,-48,31,27,36,-3,-8,4,37,-42,22,-28,-13,-35,-46,-28,42,26,-37,7,38,-30,28,2,-51,-21,-40,-32,24,9,-52,39,2,8,-29,15,7,16,10,-16,31,-37,-18,-45,-30,18,-32,37,5,-8,21,50,-24,3,-10,-29,-39,41,-53,38,48,56,34,-3,-17,1,-42,-11,-51,18,17,-3,-33,6,-19,-50,-2,2,-58,8,-2,25,21,-23,5,38,-6,40,-2,0,39,7,15,-21,0,36,18,-65,-18,-12,-26,-56,6,23,-24,12,14,-7,25,9,11,-45,37,-7,28,18,24,-4,35,21,41,-14,43,-28,-45,-41,10,-49,38,-36,7,-41,8,36,27,10,42,-38,50,-37,-55,38,-17,-30,-8,17,49,-14,-2,-13,43,-5,9,0,-31,43,-2,49
38,9,-22,21,30,-38,-36,-18,44,14,-5,52,-37,6,13,-51,32,-42,37,-12,-19,-13,-56,31,-1,8,58,36,23,14,27,-25,49,58,6,32,44,48,-19,26,31,-33,11,51,21,11,25,52,37,-21,-9,-4,-57,3,31,-16,-30,37,26,28,11,-17,27,-25,-7,-43,-9,34,-19,14,8,12,-34,-31,-50,40,13,23,-16,-30,-25,0,19,-68,3,-32,-19,6,38,-27,36,-42,-27,5,34,2,26,1,27,-33,-46,-7,-34,38,28,-35,31,34,-35,12,-15,27,0,4,47,35,34,20,-13,-7,-4,-21,31,35,7,-16,16,-51,-44,8,-8,-19,47,-7,-22,-14,46,-3,42,-50,-20,-49,2,48,-39,27,-14,33,16,10,-46,43,26,-19,31,25,-44,51,29,31,3,23,13,9,39,22,-21,-31,29,-40,-8,30,19,-16,48,-13,2,-30,38,-9,35,18,-6,13,-45,-51,-33,23,12,-28,-2,3,-28,35,-6,10,-7,-38,-11,-28,-30,-7,37,-29,-30,31,46,1,-9,-49,-47,16,-49,-2,4,-19,20,12,-51,37,-33,-44,-10,14,-40,44,-26,-29,-16,-51,-33,-25,-17,-33,-44,-36,9,7,29,42,34,33,6,50,-15,-46,-19,-30,-17,-33,0,-50,8,-7,-21,-54,38,-15,-11,24,13,-28,27,-51,10,-35,-43,-46,-26,-55,-10,-47,25,14,38,29,42,-9,-8,-18,48,48,10,39,-19,30,-1,38,11,17,-39,12,22,33,40,10,-26,-45,-9,-40,31,6,39,16,-40,39,-32,-3,28,-29,5,-41,39,-13,-23,16,-39,-3,32,-43,-59,-37,-63,6,-48,44,15,17,-57,1,27,0,36,27,-27,-26,-30,7,38,-15,34,-8,58,52,43,11,-49,-50,6,10,-39,-12,-44,-41,-24,-18,-22,30,-36,35,-7,37,-46,-22,-40,7,15,-4,9,48,4,15,-13,46,-6,3,41,-45,6,-39,-16,-40,4,38,-1,49,-4,-40,-24,7,-39,32,37,-54,-51,16,34,15,-40,-53
52,-16,16,-32,-26,49,12,12,40,-22,28,56,14,42,38,8,-24,-10,8,-37,38,51,43,48,-42,-38,10,-40,-23,51,44,34,-23,4,33,0,-43,-7,-18,-26,-15,13,-13,22,-37,28,30,29,-36,-41,53,-6,8,62,16,-6,-35,33,61,-5,5,-7,-71,7,-43,-39,-20,-33,-60,-18,-19,43,30,-13,43,26,-13,6,55,44,20,-12,-16,-9,-3,0,43,3,34,18,-36,30,59,60,33,34,-30,-26,22,-31,-24,47,34,23,-26,3,47,2,-22,-46,-34,-18,16,-32,0,-32,16,-35,-39,9,2,-20,49,1,11,51,9,3,23,31,-28,26,-35,8,10,38,-41,32,10,-16,-13,38,13,-27,31,-35,38,38,20,39,-17,31,-46,27,-35,-2,-3,-13,48,1,30,-40,15,2,16,-10,22,-40,-23,-33,23,-48,-42,-20,37,-16,33,2,-18,-18,-35,-21,54,45,26,48,7,2,40,54,2,-32,16,12,-42,-41,50,19,34,29,-7,-20,41,-14,-55,-6,46,19,-1,27,-19,13,7,38,-11,-22,24,-7,6,-34,-7,-28,-19,48,38,6,26,4,-30,21,-1,22,-17,-49,0,50,-6,-13,14,-9,33,26,24,53,23,3,-48,39,-45,-1,-16,54,18,13,-40,-6,19,22,-43,-12,42,-33,56,-11,-42,-15,-16,37,2,-4,22,29,-30,-9,0,12,-45,16,38,-3,32,-39,20,45,37,-24,-25,15,-15,-47,-12,20,39,-12,42,40,24,44,-48,12,18,27,38,-42,-47,-36,-12,-3,-31,-15,9,-19,-43,-22,-4,-20,45,-33,-2,9,-13,43,-8,4,10,-11,24,-14,15,30,-58,8,-28,-1,-37,36,-35,29,9,32,46,-43,-42,-56,-32,-55,3,-8,-49,-20,42,51,12,-33,9,-10,31,34,-39,31,26,48,36,9,21,37,45,24,-30,-18,-16,-27,34,-1,31,23,-4,-28,17,-29,50,-29,-7,-37,-39,13,-8,38,-31,28,-38,-8,-1,52,12,-34,44,51,-15,-25
-49,-23,-39,-16,-8,41,17,24,9,-42,17,-53,-52,23,-50,32,49,-20,12,-1,48,-24,-27,22,18,8,29,28,-41,-42,8,11,-17,36,-54,-16,7,-12,7,-26,-11,-38,31,47,-22,-16,-28,43,45,-29,15,-41,38,9,-8,-42,3,-9,34,-40,-32,-34,7,-21,34,-23,-17,0,1,12,47,13,-16,31,29,31,27,32,-23,-29,-36,-14,12,32,49,8,-27,33,16,-27,-1,-34,26,-18,35,11,-24,38,-28,32,3,-45,-34,28,-5,44,8,42,6,27,35,13,-23,21,-8,-40,34,0,-30,-38,29,13,-14,15,6,-31,-12,27,-22,-44,-47,1,-27,10,41,-18,-38,-35,-28,41,27,17,-39,6,-39,-13,-27,12,15,-26,-32,31,-46,46,-40,30,40,-15,19,44,17,46,38,43,7,-31,16,-48,-24,-44,12,-15,-30,-44,2,10,27,-29,-23,3,-2,-20,19,24,2,-9,-14,34,17,-43,-8,-29,22,-36,8,28,9,-9,-15,-22,29,5,29,-37,13,25,-6,8,-42,-32,-40,23,-51,-42,39,-12,-52,-18,-40,-17,-4,19,-57,-34,-33,-6,8,7,-52,-35,38,-12,18,-7,13,21,-3,27,-20,29,47,-28,2,10,-45,-48,-55,12,8,40,41,-2,-39,-6,-17,23,36,7,-19,23,8,-39,17,-45,8,-16,-10,-2,34,-10,33,-37,-31,-2,46,21,-6,-18,-16,4,21,-32,-45,3,-49,15,30,-38,-18,-8,-50,17,-32,20,-1,-50,-47,-8,21,-36,-29,-48,36,-1,16,19,-41,25,33,-24,-39,13,83,-9,52,41,-40,-18,20,-36,-34,5,-13,-50,-29,-25,-30,-69,10,-36,-30,-59,-14,32,35,-13,0,-17,1,-8,-30,30,-11,16,32,43,38,44,7,38,4,10,32,28,-34,-24,42,-13,46,20,-14,-42,45,1,26,11,-19,-20,14,7,-44,30,-45,22,38,-15,-42,45,39,-2,-34,-5,42,23,-42,57,-7,-6,2,-13,29,-18,-53,6,37,35,38,-13,16,-23
22,39,54,2,-16,39,-21,33,-39,-37,36,8,-30,-32,-33,-9,-4,63,19,-38,1,1,39,4,-4,18,31,28,-48,-3,-20,43,25,43,-17,45,-29,-14,32,49,-24,-48,-1,5,-13,3,-17,-8,-8,-42,-49,-32,-40,-34,19,-4,4,-56,-49,46,-38,-44,-50,-36,-4,4,-32,23,29,45,11,28,-8,-35,17,11,13,45,-31,-46,49,9,34,30,-23,49,-37,-35,53,26,-9,-39,21,54,13,-17,50,-7,-5,41,-6,42,-35,-26,-4,48,21,-30,-14,28,24,-5,25,-25,-36,-19,-35,49,-5,-18,-47,-43,-11,-32,33,43,-26,42,32,-44,9,-41,-22,4,7,-30,-15,21,16,51,41,-4,54,23,22,-35,28,16,-10,-30,29,-25,-16,14,14,-35,32,24,41,-36,-8,37,32,5,-18,-30,-31,-22,5,49,15,-41,-33,-41,9,20,-7,16,10,27,-21,-27,50,-39,21,52,48,12,-37,34,-7,39,14,-17,58,42,35,13,14,-9,29,-46,-40,-8,-18,-40,-11,-41,-32,5,21,8,-55,9,-39,-28,28,-17,40,13,10,-15,-33,46,-13,42,-41,-34,-33,-4,41,40,-17,2,48,21,-27,20,36,-28,-12,40,12,31,-3,22,36,-12,-7,-34,19,52,-15,58,-24,-30,-13,9,5,-33,-34,28,41,-4,53,7,28,-18,48,24,-46,-21,-42,55,-42,-46,-46,-24,-45,-8,8,32,-44,42,-6,11,32,-22,-2,-12,-18,-46,-20,-35,-10,-32,45,46,33,48,-34,-51,6,5,-41,-35,24,-48,-24,-8,-34,11,-45,-25,40,25,11,-44,-14,46,-18,30,-52,-4,4,15,-29,17,28,-37,-9,-25,4,37,-34,30,-13,-32,-4,41,-21,-19,40,-36,-30,17,15,-9,25,4,-44,36,25,39,-8,-13,-30,28,10,38,14,21,-8,38,13,-33,10,-44,-25,-1,34,50,-25,21,50,18,-12,16,-40,-26,-49,46,19,-29,-3,-26,14,8,24,15,-45,8,-16,-36,-44,20,-21,15,-43,-15
23,-8,-39,-37,-10,34,30,-4,-54,-33,29,14,27,-49,-16,36,1,24,35,34,35,-12,-66,-55,9,-7,-43,-7,-42,-34,13,-36,4,-45,49,-47,-46,-4,6,10,-10,45,-52,-42,32,1,2,-10,12,0,-8,-10,10,-33,26,50,46,24,8,17,25,-27,-44,28,-9,19,-33,-42,-13,-50,35,-11,-58,-43,-34,28,-57,-34,-13,-7,42,-32,-28,-5,-45,44,15,-14,35,-7,39,17,-23,-38,-19,-34,17,-35,-33,48,36,-18,-36,49,33,1,-44,11,-24,-10,-48,19,-37,-50,-9,33,43,-3,3,-19,25,18,13,41,6,-46,-8,-21,2,30,32,-13,7,-23,34,38,43,-6,-30,-4,24,-50,-45,-32,-48,20,-3,16,-2,-47,-18,-23,49,31,15,-8,-11,-21,-40,-1,25,-22,22,21,-41,22,-14,-39,-38,-41,-17,-20,-45,40,13,39,-44,24,-29,7,-41,-29,-20,-20,-40,15,37,21,22,-8,-41,-4,-25,35,-35,-47,13,46,12,-9,21,1,-29,41,38,3,33,-4,45,18,-48,40,30,17,-39,37,-18,40,-38,-3,43,-18,55,35,42,22,34,-15,-21,-14,-9,16,7,-9,-10,-40,17,-11,-28,22,-2,17,-22,33,-8,-8,39,22,-22,32,3,-45,-1,19,-12,25,8,-33,-27,44,-4,26,22,-49,-4,8,-7,-31,19,-2,14,22,19,-9,30,-35,-1,-21,20,-39,-34,-19,18,13,-17,27,-15,-50,-9,-37,-20,-39,-37,13,26,-45,-45,35,-41,8,-38,-33,6,46,-36,48,30,8,31,29,-17,-48,25,-12,8,42,26,-26,-8,-18,29,-4,-34,10,-49,1,21,-39,-17,-45,-30,-8,48,-6,19,21,23,8,22,52,-48,-32,27,2,-24,-38,14,55,-36,1,37,-23,-48,22,-46,-21,-47,5,-45,-15,-11,-46,-1,-35,-40,43,-17,-44,42,-23,-41,26,-52,35,-42,19,-11,-18,-9,21,-25,46,6,11,28,0,-52,-4,-38,11,-40,-47,30,7,0,-8,31,-7,-39,-16
-24,-38,-47,37,20,15,-33,-13,-49,-5,-32,46,43,-27,38,-18,19,21,-13,-46,38,-13,-34,31,22,-30,20,10,32,14,36,32,-5,-18,-20,31,45,-24,33,-64,7,-25,-17,-18,25,-31,-4,30,55,-21,30,47,-2,-66,-52,-20,-28,-10,44,-18,-33,-58,-9,-34,-19,-52,-56,1,-11,3,45,11,-4,52,-11,-27,36,20,-13,-53,0,-18,-41,-43,-45,-24,-37,36,25,26,-17,24,-38,-49,46,-12,-28,8,14,24,1,-14,36,-11,-25,31,9,-11,14,-21,-22,-7,41,-30,-7,-34,-14,-6,-14,47,9,41,16,-44,-43,-40,39,4,23,0,-27,1,2,19,-43,-48,37,-3,-44,16,-3,23,-13,-6,23,27,-31,1,-13,14,-4,16,68,55,-6,-41,35,-21,4,4,4,-12,-2,-45,-14,41,14,-43,19,21,-9,-38,-34,22,18,-12,24,-29,-48,-2,41,4,0,-30,27,-12,-40,39,5,33,-15,32,-2,-5,14,1,-11,-14,-9,-46,-4,26,44,-31,8,-43,-46,-33,7,24,-2,-27,21,-18,-22,15,16,57,26,0,-40,32,14,-20,10,17,-13,27,71,18,-7,-38,-23,22,-16,-14,15,24,59,-42,17,17,-18,31,20,28,21,-23,-9,8,11,44,-48,-15,35,-22,-9,-20,41,-5,-3,-12,-32,36,-33,-37,-56,46,12,-38,26,40,-48,25,-26,41,34,23,-1,35,0,41,18,28,43,45,-10,3,-8,-24,8,-18,17,16,-1,16,-28,-33,-45,27,-39,-76,-69,-6,-55,5,1,-40,-16,-60,-48,38,23,-17,33,-7,-18,20,65,3,-22,30,-60,4,37,-7,59,47,-4,-1,58,65,2,19,-2,35,33,-33,50,-35,-3,-6,42,76,-23,-46,24,17,-6,17,41,-19,-42,4,-18,-37,-6,-5,-40,42,2,-10,-27,-15,-1,43,-25,10,-16,27,-31,17,-3,45,14,7,-34,-29,-2,40,-2,25,39,16,42,-9,13,-12,-45,27,58,21,-20,35,1,-5,35,33,-28,-14
-14,-12,45,-8,45,-17,31,-4,62,-42,19,-13,58,22,10,-29,-20,62,-14,11,34,64,67,22,13,12,-19,-49,-47,21,-26,-56,27,13,28,59,-1,-12,-19,-21,-18,18,6,-52,-5,38,-51,21,-47,-13,30,-15,-15,15,14,-36,-65,-4,-17,-3,3,-25,-14,101,63,-39,-25,44,30,3,20,82,12,48,14,3,23,-15,-9,17,39,-4,-25,-37,55,-8,61,-10,-27,25,-31,35,65,-22,-14,-1,50,-12,-40,20,-29,12,-30,10,21,-5,12,-44,29,-1,49,-45,-17,7,-31,-18,-33,13,-49,23,2,-41,24,22,-45,19,2,-43,-8,7,46,-17,-26,56,57,-3,-30,45,18,-3,15,56,-13,12,20,-32,-14,-24,2,38,-27,-23,29,-22,-12,-30,-30,-63,13,31,-17,30,3,-23,-33,-10,28,6,-19,-29,43,-21,21,-51,-23,36,-10,21,26,25,-40,22,3,-21,-9,-42,-4,55,34,-32,3,-6,46,18,9,-35,-29,-17,-30,6,14,-19,30,-38,-39,45,-44,24,-30,-40,30,-6,30,32,-33,-16,35,23,36,31,-35,-29,-12,-9,55,-38,45,50,63,-13,50,27,9,-14,10,12,3,-37,-17,-18,-16,-62,5,-47,34,29,-2,27,32,-16,-18,32,50,-38,-23,-19,19,37,36,14,55,55,19,44,56,38,48,3,-23,2,27,24,-32,-21,-45,-24,27,-31,-25,-26,-4,-16,12,22,-10,27,-27,-1,7,-11,54,43,-16,-4,-28,27,22,14,8,-10,1,-25,72,-31,11,-16,-20,34,-33,6,27,-34,-41,-46,24,21,42,-6,-7,-38,5,53,44,-45,50,21,-8,-33,33,15,-35,4,-23,-17,-1,-1,-19,-12,-32,-50,-18,22,24,-37,-30,-3,-18,-11,6,36,-20,-17,-5,36,-44,-19,-3,50,19,44,30,-5,41,-26,-7,41,-47,35,-35,-24,-37,16,0,14,52,20,28,5,48,26,8,-20,35,3,37,-7,-21,21,20,-34,11,-34,-27,-43,36,-37,4,-5,28,-11
49,6,-9,17,24,28,17,5,-1,32,46,51,32,-37,-45,24,-20,52,7,12,20,0,1,18,-26,16,-30,-7,30,-48,-26,5,21,14,19,10,15,-31,-27,10,25,-6,-54,11,-45,-11,-28,28,41,-16,27,48,22,0,-5,33,38,36,-41,7,-2,-29,14,18,6,8,-9,-23,10,-25,-13,-8,-5,40,47,-1,-33,-22,18,20,12,-2,-38,10,-28,20,-5,22,-42,37,7,-20,2,-48,45,-11,49,-37,-17,17,46,-1,-38,-37,-35,44,13,-27,13,-6,7,-35,45,6,-9,15,-38,-4,-45,14,35,-32,-21,-43,-8,18,-24,-19,-3,29,24,6,3,-24,29,18,-2,-21,-11,50,-50,-28,-5,9,26,-37,43,-45,-42,12,20,-8,34,-22,-24,-14,35,16,15,26,18,-14,39,-24,1,35,12,-34,39,12,-24,54,-2,18,-28,-12,-10,34,-33,44,5,-8,-47,11,50,32,28,16,31,37,-22,9,-48,2,-11,-12,-25,6,14,13,-20,1,-22,-17,-51,-32,-5,-8,35,-32,-9,30,-28,-43,44,-39,13,-5,26,-14,-39,29,4,21,13,21,7,-43,-16,-4,34,10,44,1,7,-50,34,-11,-38,-25,13,45,39,1,14,40,-33,2,-34,-27,-26,-38,36,-30,-12,-49,-12,-34,-42,-49,-18,-39,-27,34,10,15,-41,35,-20,2,-15,42,-46,-9,-3,15,24,7,-41,-32,-17,42,11,-21,38,-25,9,-17,-29,30,-1,4,-40,-48,-28,-7,9,-32,28,7,54,-33,-47,31,-8,17,30,-17,35,49,-18,-61,11,-44,7,12,-43,38,23,41,40,-31,57,-44,14,-4,-32,21,25,-15,0,15,-37,26,0,-17,-46,8,-58,-20,-57,-35,-50,-43,-41,26,-25,33,33,-14,-8,42,31,-11,26,8,51,36,-39,10,-13,-8,-29,16,36,-4,-26,19,-23,-22,19,-30,12,9,3,-22,-42,-37,-44,-38,19,-19,-2,9,-34,-35,-7,31,-12,48,18,-11,-23,-10,-7,30,-43,-55,-22,46
8,-36,22,20,-28,-18,-14,-43,6,6,-16,-82,-84,-73,-65,-48,-16,-13,-88,3,-86,-47,-97,-57,-12,28,25,32,35,26,-26,-5,1,-46,14,-42,-19,-24,-33,23,20,16,-42,-26,40,10,26,13,-3,-55,-16,29,-19,-63,-28,35,26,-34,-37,-6,31,-38,-44,-3,17,32,-55,-33,-38,-25,-23,15,30,-67,16,-13,-65,-84,-11,20,-62,-33,-41,8,2,-65,-68,-8,-10,-34,-34,-22,-49,-11,-51,-48,-39,-17,-31,33,37,18,47,1,0,37,-43,49,36,-22,2,14,-28,-5,18,45,9,-28,-40,-17,14,42,32,-28,-14,6,8,-62,17,-44,-46,0,-19,16,-10,-14,-26,-80,4,-16,-63,-73,-65,-41,-14,29,-2,-17,21,25,-2,-58,-52,-31,-52,24,-26,29,-17,-40,-16,12,-45,5,-50,-13,13,-18,-13,-25,8,-7,46,47,41,-39,32,28,-49,32,-6,4,-34,-13,-72,12,-56,11,-54,-80,-40,-15,9,-22,-22,-62,5,-65,6,20,-36,-26,47,41,-21,32,31,2,-9,-46,28,24,-51,-50,16,-56,-14,-49,-7,-51,-17,-62,-12,1,-18,-14,-6,-48,42,21,-33,17,48,5,1,-23,-51,-33,1,-7,-41,18,-2,36,-36,-23,-52,-29,23,-31,20,-65,-75,-6,17,-16,-55,-1,-10,-17,23,-50,0,-8,-71,-10,-39,-27,-6,29,-42,7,-48,-31,-45,-50,5,-41,-26,12,16,-2,5,-13,10,43,24,-7,7,-47,1,30,-20,-16,17,-29,0,-32,14,21,-38,-53,-19,-46,-36,-47,-1,-41,-35,-35,-33,30,-33,14,20,37,-17,-44,-17,13,4,-24,9,-34,28,-29,-36,-28,-36,-41,3,5,32,43,-49,-12,13,-1,-28,23,16,-53,24,-12,17,-55,5,-53,-11,9,-8,-59,-56,37,24,30,-10,36,-6,38,-41,31,-54,4,25,31,13,-2,38,-34,30,-55,25,-31,-4,19,-46,-41,-24,16,16,14,28,-65,-57,-15,-15,-10,-7,-36,-43,-32,-24,30,-51,-51,9,-55,-32,31
-32,5,-52,-50,-55,-12,17,-34,0,-38,-5,-5,-56,-26,13,5,-11,-51,-20,11,-47,-63,-4,-81,-39,-35,-33,-2,3,0,-42,-5,-23,40,-43,-13,46,28,-35,-8,-38,38,-50,-41,5,-49,-30,7,-45,-38,-2,-37,-20,23,-25,27,41,-60,2,-2,1,23,-36,-46,-54,-30,51,49,38,4,13,15,40,4,-41,-4,-62,-14,-34,-55,22,-22,-78,3,24,-44,-41,-5,12,-27,7,-5,6,-28,-45,-30,-22,2,5,32,41,-29,26,-35,-18,31,16,28,44,40,-8,18,-12,-35,18,31,-1,14,37,19,8,-3,2,26,-18,27,-50,25,10,12,11,-5,-23,-58,23,28,-37,-64,33,-40,19,-53,21,-41,-51,29,11,-44,-20,33,-60,12,36,13,29,12,27,47,45,45,3,-57,-23,7,15,-3,32,11,-10,39,-35,-13,49,-12,15,-5,-28,5,-27,-10,4,21,25,-42,-6,23,-1,-41,29,-46,34,-56,-35,-22,-19,35,-40,2,-49,36,-32,-15,-34,23,12,-39,-17,15,-39,33,-13,11,-42,-1,15,-25,-5,-47,43,-8,-38,22,25,19,34,2,24,42,2,-48,-13,-5,31,1,12,-19,9,37,20,-23,-3,17,-13,-12,-30,10,39,21,-46,-16,33,-43,17,-56,-46,-5,3,-22,-10,15,36,16,-2,16,-19,-37,-71,2,-51,-16,-52,-22,-73,5,-30,-37,25,-13,11,17,-28,-39,-22,4,-3,-48,-53,35,-26,-51,47,39,2,39,-45,-3,16,43,-24,15,3,-14,-14,46,-23,-38,-41,-32,32,1,27,-48,-12,-6,1,-48,-34,-1,26,38,-9,-35,-47,7,17,41,-11,-25,-3,-36,-38,-1,9,-8,-14,-19,23,-34,-5,6,-23,-9,33,-19,-14,17,-60,-41,39,22,3,-21,-34,-22,-48,-13,-60,-10,-12,47,-12,31,-13,-8,-45,15,41,-7,33,40,-6,4,-42,-52,17,14,36,-4,-38,-53,-39,13,18,-22,-8,28,-6,-25,-46,21,6,-32,0,18,38,26,-23,36,-3,-17
40,-12,-37,23,-22,20,29,33,40,-46,-21,1,10,-16,38,53,-18,-3,31,10,31,-38,9,-55,6,0,-64,35,25,-30,-50,-69,10,-4,-6,39,2,-64,-55,5,20,37,-39,-61,12,-42,-24,-72,35,51,-4,-32,2,-28,26,34,12,35,-32,-33,-12,70,40,-35,1,-38,35,-24,7,35,-2,50,0,-26,-20,27,-52,-20,-46,15,14,-16,3,29,-39,4,-40,33,11,-36,-41,24,-42,-6,37,-5,-28,35,5,34,47,1,-23,17,-40,-30,46,46,32,-11,22,-16,-43,-23,-27,-40,-38,-10,33,4,12,-50,28,-5,-9,-45,42,26,31,-48,-18,-35,-39,-8,-13,-8,26,7,36,-12,-17,14,38,-31,-19,-18,-14,12,-41,-36,66,48,14,-20,2,23,-23,-4,37,-5,-9,11,-3,53,-16,11,27,19,-41,12,-16,36,59,62,-53,-41,-16,48,29,-21,-9,38,26,-52,-47,-25,-7,38,-8,21,54,30,-20,25,-40,48,-26,4,-43,-14,-31,-45,-68,5,-22,27,2,28,47,45,33,127,34,-24,17,-30,86,-37,-6,2,-22,-12,-36,54,-33,19,37,3,-34,9,-6,18,4,-45,-7,4,-9,-20,-14,52,40,15,-16,-3,7,-37,-20,13,47,-48,42,13,0,-11,-22,43,43,1,37,-12,-1,17,-20,25,-14,-50,37,-12,-47,-33,11,-41,9,-13,-19,-45,-29,-36,23,5,-38,48,-50,-41,-22,17,21,-10,45,13,24,-8,-6,-10,-46,14,-33,38,10,-34,-54,10,-53,46,23,-22,51,-1,-10,29,-13,-13,19,48,-33,-35,5,-1,-25,43,-13,22,-61,25,-21,4,-62,10,14,9,-98,-10,9,-19,-42,-34,67,85,6,-1,17,62,-16,-56,81,17,-48,-30,31,34,-23,30,-48,23,50,-5,-50,28,-45,19,41,-50,-43,16,48,-30,-48,2,48,39,13,37,9,-22,14,31,27,-17,23,-34,-41,-14,43,-31,29,31,46,24,26,-21,-49,-27,22,14,-33,-28,-3,55,-16,-12
26,32,34,27,31,5,27,-32,-24,-18,-27,4,-60,-37,27,-17,12,-15,39,35,-29,17,-7,-14,-12,9,0,48,-24,-13,-32,-24,4,29,3,45,47,44,-32,-20,35,-26,-16,-10,-3,18,-7,11,-1,-20,-12,31,46,-31,13,-41,55,62,13,4,-34,34,31,-37,-14,-7,15,4,25,-54,27,-24,-1,-15,31,-42,-12,0,-19,-15,27,-55,-2,9,22,-8,0,-56,-19,-57,-59,31,39,-37,-50,23,-22,9,24,15,-48,-46,-39,-17,8,-38,-15,15,-36,47,44,9,-9,-14,33,8,43,-16,47,-43,13,3,-48,-14,23,-14,25,22,31,-43,-2,36,17,-42,-53,-35,-28,-27,-26,7,-2,35,26,1,-21,-38,-13,17,-6,28,3,11,-10,-19,39,-61,-40,-47,-24,-40,-20,-18,11,-9,-38,-29,10,-32,33,-41,-39,4,40,-41,1,-7,-14,39,48,13,-22,-16,22,-32,46,1,7,-45,11,45,-32,10,-6,-25,-56,-14,-20,18,-42,-27,44,18,-2,1,24,-44,-39,65,26,10,57,-16,-36,26,-36,28,-37,-19,42,-7,-17,-52,22,-4,-8,32,-27,28,-24,-52,-6,-8,4,57,18,24,-15,13,11,-41,-33,-1,42,-13,-2,-7,22,-25,-4,-30,-34,-22,-17,16,-5,-24,-54,32,9,8,11,-45,-44,-40,-54,2,-67,6,3,15,-28,-8,-23,-52,-10,20,-41,35,-2,24,26,-29,-31,7,-55,-38,-49,52,-54,23,-28,-30,-34,41,-44,7,37,-23,10,18,34,69,27,-16,-12,73,20,-56,-6,-42,-12,-13,-54,-50,11,-51,49,-38,-31,-9,-80,-4,31,2,-12,45,49,3,3,35,-10,-18,13,11,18,2,51,-31,2,-18,8,38,19,-14,5,8,-54,-7,65,10,49,-6,-16,49,12,-47,17,19,-35,37,26,-38,-7,44,33,-6,24,50,-6,25,-29,9,14,-28,13,17,-31,-43,-64,-63,-30,18,-20,19,31,-20,-20,45,34,12,47,31,43,18,1,-30,-4,-26,43,-50
-1,18,-2,-48,-16,-46,-15,13,-59,4,-57,-13,-42,9,-4,-46,19,-7,-58,-22,-4,21,-35,-52,-2,-27,69,10,29,11,-49,20,-1,-33,-7,67,-38,8,21,58,81,57,40,5,-15,-7,36,-22,28,-36,47,1,12,60,-14,12,-36,-4,-13,43,-67,-30,24,14,-57,-36,10,-21,-11,-19,25,31,5,-62,16,25,0,-26,-54,1,13,-8,-63,-35,-45,-59,-20,-56,9,-24,-45,18,-38,-9,-51,-35,-65,-59,42,11,6,-50,25,-5,37,-39,-44,-2,15,42,31,50,18,51,40,49,-33,-44,31,26,36,-32,-1,12,-50,12,-35,42,31,15,35,-2,6,27,32,39,38,-13,5,33,3,41,25,-59,-24,-8,-2,-36,36,-28,-35,16,9,10,-28,-61,-34,26,43,29,-43,-18,-27,23,-17,53,33,-2,5,18,-27,-2,17,18,-7,28,37,20,21,45,5,-37,14,-24,-26,9,11,13,43,-42,17,38,-8,-1,11,-40,-26,-28,7,-37,30,-1,25,25,-12,-28,-68,22,56,13,0,9,43,30,-35,15,-2,44,-49,-3,15,-34,-36,-62,12,-37,40,-75,-14,5,-53,-34,22,-14,10,-2,-43,-33,16,32,31,-1,-52,-31,49,-15,-32,-2,37,23,-39,-47,13,-21,-39,29,-53,-38,19,41,8,27,1,26,13,-14,-16,-8,-22,27,34,9,7,-51,-33,45,33,39,-28,26,9,7,12,5,10,12,14,9,-14,-38,-13,-49,43,38,9,10,15,29,-23,24,44,-41,1,-16,25,36,23,-13,57,5,-2,60,30,15,17,-13,-16,13,-35,-13,8,18,-32,52,-28,8,-15,-28,-24,15,12,-62,-2,48,38,10,-5,27,21,-63,-4,-1,-40,-40,-29,34,18,42,-48,4,-46,11,6,-25,-52,8,44,20,-21,-20,-12,39,19,14,45,-41,47,38,12,-30,23,44,8,-31,-36,-9,18,20,28,-25,16,39,10,-25,-29,-45,-17,-38,-46,44,-20,-9,-4,-26,38,12,-39,18,40,-24
-49,-15,-7,12,-56,-49,-16,-39,39,-52,-56,-21,-11,-16,1,31,24,37,-4,-40,-54,17,-42,27,6,-46,-43,9,-13,38,-8,-23,0,-5,-38,-50,32,-5,17,30,-38,-31,34,-32,-17,15,-16,-1,9,1,-32,-36,17,2,8,39,-30,-26,5,-5,-10,-58,26,-51,23,-33,41,10,24,28,2,-15,27,5,-42,27,-13,20,21,-52,26,24,-68,-40,-12,-44,-59,-9,30,-9,26,-19,-38,-47,-39,10,-61,-35,40,0,22,1,51,46,49,-27,40,-25,-48,49,18,-35,-13,45,37,-14,-30,47,50,-6,32,29,39,21,-28,33,-39,3,32,-48,25,-39,4,13,-37,-35,-38,-54,-19,-52,0,-15,28,14,43,-27,-11,-57,32,24,-32,-50,-30,5,-19,12,33,32,2,-9,-33,-25,35,-43,41,-5,21,29,25,33,-29,-33,18,46,0,27,-17,0,34,-8,-47,-9,29,-12,-34,-9,-44,-57,25,-34,-49,20,-11,-51,-49,-33,7,-17,29,-18,-11,-48,-31,-37,-26,25,1,4,33,-3,-26,-3,-42,24,7,16,16,10,-50,-32,-45,24,18,29,26,-45,-50,-26,-5,-37,-13,3,-16,-49,-43,21,-5,-20,6,-2,-5,-45,-10,33,-15,-38,-32,49,-36,37,-51,-61,-5,37,-28,7,-41,26,15,22,-42,8,-4,-1,23,-15,-26,-69,1,7,26,-57,12,39,-29,23,16,-16,-20,-18,-13,47,11,44,4,17,-46,-23,2,43,-40,-9,-37,40,23,-6,-9,2,34,-2,32,-57,11,43,-41,2,-30,-35,2,-2,14,7,-48,13,-19,16,10,-3,-54,1,-33,-65,31,31,34,-37,-43,-3,-51,5,7,-60,15,-56,-28,-8,32,-19,2,-25,-57,2,-49,32,27,-23,14,10,3,13,34,-16,-10,-15,-2,10,41,35,-3,40,5,-9,-37,33,-13,10,17,-6,-1,-1,-3,-22,-4,47,38,0,-50,-39,-43,-10,39,0,41,-50,26,-36,16,-27,-48,18,25,-6,19,-26,12,0,24,12,-13,43
-44,21,-24,33,-46,-38,30,20,-22,-62,-7,-15,16,14,6,-56,32,2,11,-13,-9,2,12,-11,39,-37,22,41,61,0,-36,-40,48,0,31,-33,-1,-12,-38,-2,23,-11,40,-14,42,-7,-17,-8,-28,2,-33,0,-2,-46,19,-27,52,-37,12,12,1,-27,-12,-42,-31,-46,11,39,-3,15,-48,1,-26,21,-28,-11,1,-39,-20,13,34,-48,-51,-54,-33,-38,-23,20,8,33,8,-65,-57,6,36,-30,-20,-30,-44,16,8,24,19,18,-46,-16,31,44,-45,0,-3,7,26,-4,-41,4,-4,41,7,49,-4,-10,-31,25,35,-19,18,-38,-9,30,16,-7,-2,-48,-18,32,-29,16,-26,-35,34,35,-20,39,29,35,-25,24,4,41,-46,11,38,2,-30,-9,-26,19,-5,-29,-32,-16,44,-46,13,33,8,-1,10,31,-36,34,38,-43,-51,7,-53,39,8,-6,5,24,-1,32,26,-44,-52,24,-24,-5,-23,29,29,20,-8,8,-3,13,33,30,-48,-7,-12,1,-18,37,26,27,16,-7,-25,-52,20,13,34,2,-27,-20,36,18,18,12,18,22,9,-32,-3,-18,-35,-35,24,-1,-40,-37,32,25,52,-44,11,40,34,13,-9,-41,-38,26,23,38,-31,3,20,-12,14,-3,-26,14,-38,-47,-1,13,-44,26,-42,-12,-30,15,14,0,5,34,-4,-23,-32,6,-5,-33,-18,49,33,-34,11,-34,39,10,33,-9,45,47,-8,-21,-10,-41,-8,-44,-21,-31,-9,-15,1,29,22,-38,9,-14,17,-1,-20,-16,16,-7,42,-19,26,-21,38,26,-21,52,9,48,-1,-41,-1,14,-7,32,37,-24,-7,25,46,17,54,2,15,45,52,9,-40,-29,-19,6,-18,-52,-40,-9,-10,0,-45,-50,33,-39,-45,-12,-30,-19,-44,38,-21,42,-36,10,-55,40,23,43,1,42,-40,6,24,-7,-3,-31,39,-29,19,-60,-47,-32,45,9,39,-42,12,39,-21,-48,-7,-47,27,-35,-46,-1,35,-45,26,28,-31,26
-33,41,18,36,25,39,-20,-19,-10,6,1,-38,-4,6,23,-23,15,-25,-32,7,-36,-22,37,2,-6,-21,-41,40,48,24,-22,27,6,5,-26,34,44,-7,-31,19,25,5,24,19,-54,-40,21,17,10,-56,39,-38,-24,13,11,-5,36,-6,48,34,43,9,-40,-57,-37,57,45,-22,-29,-1,-11,51,54,33,45,-25,45,25,41,-24,-41,-6,-21,-48,38,11,-13,-55,8,-19,-44,-27,-5,14,42,26,17,-22,49,-14,-40,-25,31,35,-46,17,8,17,41,-9,-26,-35,-41,-41,-6,-4,8,-34,47,41,21,12,31,-48,-32,-37,-34,-16,-12,12,-27,-31,-1,-44,30,-3,32,-50,8,27,-51,-31,18,-18,-26,19,-4,24,32,46,-3,23,-28,-56,5,33,-20,37,11,15,-40,44,54,-14,32,-22,-19,-11,-1,-33,-54,23,-48,32,-24,39,-24,-40,-5,-16,-3,-5,-13,21,-2,-52,-43,22,26,-46,-41,-28,42,-17,25,19,26,-18,43,-10,-8,-33,6,3,-17,-7,37,-15,-27,-5,-18,-14,-1,-21,31,-2,1,-37,2,45,1,58,8,-38,51,41,-22,33,28,20,-43,-42,35,9,-5,40,-37,-31,-16,21,-41,-4,-44,13,32,29,-21,32,-63,-49,25,7,43,-19,-41,36,-30,-34,-28,49,21,-40,-29,-55,38,21,-33,-8,-37,2,37,-39,32,-14,21,2,-20,-35,13,-7,29,37,12,3,-23,43,-18,43,-15,24,41,-13,10,27,33,21,-20,-5,24,32,-51,-36,13,-33,36,3,53,31,-61,25,17,-60,20,-26,31,-21,-2,38,-15,7,65,-13,53,28,-2,6,-27,-17,-40,-25,49,-30,54,-29,-27,-58,-39,-12,-15,38,-26,70,32,32,36,-10,8,-21,-9,12,24,-48,38,13,-1,47,13,4,-5,-14,34,-51,-13,46,-50,49,-14,38,-9,39,-12,44,41,-52,32,-59,15,39,-22,26,-11,-22,-14,9,35,20,49,-12,17,44,-11,53,-61,-23,-17,-30,4,-34,-51,-49
-5,-34,-11,-41,11,-33,-4,-44,26,43,30,16,-7,46,29,28,50,31,2,19,29,-34,9,-4,-42,13,14,-25,-36,-5,55,-16,32,70,-25,0,1,29,25,35,-21,58,-7,4,11,-47,51,56,66,-28,-3,-10,-5,-70,-2,-18,9,-51,26,-34,-11,23,24,29,40,33,-4,-20,-59,42,50,6,36,28,27,31,6,0,44,18,-24,-15,27,-39,-35,7,-37,-3,-29,28,31,-41,-17,27,-34,26,38,5,-29,31,-38,33,-29,20,41,45,-1,-4,-19,17,-16,-44,-35,7,20,32,37,-18,4,-12,-38,-7,-36,-32,-45,14,11,4,-19,-23,-1,40,-37,-5,31,37,50,-1,13,11,-9,-43,-30,-25,35,-34,-12,-14,-41,-4,-36,51,92,62,-11,37,62,-50,-13,23,-8,-62,-56,18,33,-8,-12,-24,-4,15,-40,1,-7,31,-7,-11,-23,-49,46,0,-21,24,-44,-45,-11,45,-19,20,-7,-16,18,-13,-50,35,0,5,-46,-6,-2,38,-13,-5,24,46,10,-2,-3,22,17,36,-60,-27,-13,-2,14,-1,-29,-6,53,33,-1,-32,19,-7,36,16,-28,43,32,44,35,-31,30,26,-22,47,1,36,22,32,14,-24,65,-26,19,-3,-45,-44,-5,-16,-32,5,-13,51,6,25,14,-48,-19,-42,-48,-18,51,8,-26,-9,32,-43,-16,-11,40,-25,20,30,-10,-27,33,28,-19,-19,-13,-11,19,-50,-27,34,-30,-41,-30,-15,13,46,-28,47,29,-13,-40,-26,-30,-24,-9,-30,70,60,36,-40,-10,8,-42,-41,47,-6,-50,-51,-37,-27,-50,-18,11,41,-32,1,-13,-49,-43,43,65,70,41,-1,55,-7,-10,54,-28,8,22,-70,10,17,-36,35,59,-1,5,33,40,19,-41,-1,38,21,-2,20,-47,43,-23,23,-29,46,-5,-5,-14,1,33,17,-2,37,-33,23,25,44,26,35,0,5,-22,1,18,-48,18,-30,-31,2,10,18,-22,-41,42,3,42,60,39,-24,33,39,-12,13,7,-3
41,-24,-34,40,-40,-17,24,-7,26,45,-15,29,-23,36,31,48,-24,-5,17,18,-3,32,14,-38,20,24,-26,-50,-6,29,15,-22,-41,-31,32,-52,-62,-45,34,-41,18,3,65,-37,-6,-38,-19,-26,56,-21,-41,-59,-118,-13,40,-5,-61,4,18,-24,41,-5,-5,4,17,-37,44,-13,30,-2,14,-8,-14,-2,-26,41,-12,14,-8,-20,-38,52,-42,-4,-24,42,9,5,19,24,41,4,-14,-17,42,-5,41,46,49,19,12,-16,7,6,29,-19,27,24,-22,-18,-20,48,-14,22,35,-16,-49,-41,-14,11,-44,43,35,-29,10,-5,-42,8,-30,3,-41,10,51,31,2,-20,-25,-10,14,-46,52,-38,-40,-20,-19,-50,52,-42,-43,14,8,28,84,44,-37,22,38,15,0,-31,-28,16,-18,-17,-34,49,4,-1,-26,-45,-19,34,-37,-37,-43,29,-22,30,-38,-7,0,19,8,30,26,-33,-35,-27,-26,-45,-11,50,-47,-15,-37,-27,42,-15,-6,50,-15,-47,4,11,38,48,-16,16,50,-2,-15,42,66,4,10,16,23,58,-27,-24,18,38,14,-9,-17,-8,45,78,63,35,-36,-31,3,28,-19,-25,5,-27,72,22,-22,-8,67,43,-31,29,52,0,-17,-38,-13,-38,21,33,45,29,-19,-39,33,50,-31,-10,-30,41,5,-51,23,0,-33,-3,23,-12,19,26,-40,17,-46,50,25,51,-14,28,47,35,14,-26,-47,35,1,3,-17,-47,-44,20,25,-43,-42,-32,39,-37,-18,-62,31,80,-13,-31,-17,52,-7,42,33,-48,15,-4,17,-19,37,4,0,-35,-37,41,-3,2,12,24,-30,-61,32,66,-53,-70,12,-27,40,-18,-45,16,60,41,24,-56,16,30,1,2,18,39,30,24,-23,35,32,32,-41,-49,-10,-7,28,-14,41,42,11,-14,1,-10,-39,-48,-31,45,22,16,5,15,47,-33,3,-5,21,9,34,-43,-12,29,14,-34,9,53,30,-6,-35,6,55,-36,41,16,-34,22,37,-36
-29,-17,-32,0,27,-36,6,14,34,37,-22,-4,-43,-61,22,-40,-16,22,8,-22,1,5,18,12,29,18,12,5,21,-33,-26,-24,-60,-53,23,-40,-57,8,-46,44,22,-24,23,-19,11,-11,15,8,28,-35,42,0,-26,63,-34,-18,24,55,-37,-22,21,-2,-62,-71,-37,-48,-46,-36,29,35,-50,-3,9,-4,60,7,-57,-59,-67,33,-42,12,4,-43,-53,5,-3,-18,10,21,-10,-59,19,-31,12,-65,-1,-58,43,9,-25,12,30,34,7,-2,40,48,10,-21,-3,19,-48,7,6,19,25,39,-42,36,-27,15,-44,-40,-22,0,-54,-13,-31,8,-18,-27,-3,4,17,-41,-30,-52,-34,-35,-39,15,27,-54,23,-20,-47,-51,35,-43,-9,-27,-4,22,17,-18,12,33,-35,-13,-13,-42,51,8,46,18,-38,32,-37,-14,14,-3,1,49,-39,0,44,-42,18,-17,-10,3,32,19,49,-7,21,-3,21,34,-46,-58,26,-12,-35,-49,-24,-41,41,-33,1,33,42,55,15,44,-56,39,35,-54,6,-51,20,42,18,-63,-41,44,49,-58,43,27,-2,-10,13,28,3,11,-44,2,-1,-55,41,30,59,-24,22,46,-33,27,-2,-39,-34,23,-20,28,15,-36,4,-7,30,20,-47,7,31,21,-36,25,-56,-25,-49,-26,-41,24,11,20,-25,7,4,24,2,-33,17,32,16,22,-1,-30,29,-3,-13,21,45,22,-19,37,-47,22,3,-4,-41,-8,9,11,14,-43,-13,-6,-48,-36,0,-48,-6,-14,20,-5,-9,-33,14,-11,70,5,-3,0,-17,27,-6,13,4,14,-10,-58,-27,20,-23,23,33,-7,34,7,72,47,8,50,-24,-41,-12,-62,-22,11,-20,7,11,62,-21,32,7,3,18,-43,-43,-48,9,-6,-41,4,16,39,-21,33,12,25,-46,-8,41,18,19,-29,-41,-2,-42,-4,-11,2,40,-10,40,-30,-11,19,-46,38,41,-52,3,-26,-45,8,-1,-54,-34,28,-1,26,-43,-18,15,-8,5,-10
-7,-71,-64,2,-57,13,-43,-12,-82,-65,-50,-76,-41,-52,-74,-51,-66,-87,-96,-35,-22,-19,-37,-94,3,19,-12,33,-16,-11,31,2,-8,24,-10,20,-48,27,-45,-27,-3,-2,38,30,4,-30,-15,40,-7,-56,-25,22,-28,-25,38,-52,22,-29,-70,-34,44,-24,-8,-44,-58,-37,15,27,25,-64,-25,7,-23,-21,-64,-15,5,-9,-1,-38,-13,-18,-7,-62,-25,6,-51,6,-8,-34,-24,-60,-10,-54,-54,-53,-69,-16,9,-38,36,10,-7,-37,13,27,45,-50,37,5,36,38,14,23,24,-47,36,42,41,-31,-11,32,-23,-11,48,25,-23,-41,-19,1,6,-33,-9,-42,-83,-58,-53,-67,-30,-76,-8,1,-8,-22,-73,-46,-12,-44,-11,-39,-47,-5,27,40,16,-55,11,-43,21,-9,20,-54,-32,1,-38,-21,19,27,-43,-21,-6,-18,-13,6,-27,33,-3,-11,-70,-12,-51,-26,1,-10,-56,-32,-85,-80,3,2,-52,-66,-5,-20,6,-63,-42,-87,-11,-78,-27,-22,-15,32,29,-11,31,-3,-53,24,-41,10,-22,33,-29,34,32,-37,-1,27,21,-37,30,-31,-38,12,35,25,14,34,10,10,-37,11,-34,30,48,-31,50,36,4,-14,-23,-46,-42,38,42,20,33,-34,-15,-68,-67,-34,-5,-33,-93,-44,-51,-16,17,-37,-28,-26,-6,-54,-32,-44,-46,12,8,-65,-82,-29,-64,44,13,-35,13,4,41,32,-54,-1,-49,-32,-39,18,29,-58,-40,3,-39,0,27,-37,26,18,-36,13,-36,-31,20,-3,13,-22,8,-18,35,6,-24,-58,33,-48,-25,29,32,-31,-30,36,-18,-70,-19,26,-12,-34,-34,-12,-39,5,22,8,25,23,-35,-1,21,-13,39,-53,-40,38,-34,-4,-53,2,-2,-45,-24,-54,-56,-52,41,32,34,9,16,3,-25,-11,-46,-26,24,-22,-15,-29,-6,-57,32,-50,4,-4,-23,27,-15,29,-18,29,14,-9,22,-57,-8,-7,-19,-4,-24,-19,-63,-61,-15,-50,-1,-71,-48,-31,-34,7,-6,14
-4,8,-4,-25,15,-16,-2,-23,-28,-60,-32,21,-25,-59,-55,-15,-33,-38,22,-34,24,-48,-2,-27,2,-17,28,-23,-7,-37,-44,-7,45,22,1,-18,-44,-45,-9,41,-9,-20,-7,24,-3,-26,35,17,-37,-41,-14,-9,7,34,-27,-15,-41,-22,42,46,43,36,-31,17,-3,4,28,28,-50,-1,-52,37,19,-13,-57,22,12,33,-24,8,-48,-31,-64,15,-20,30,-56,-24,-1,-56,-56,-44,-74,-60,33,-2,-59,-49,12,-37,40,-44,-20,27,-7,4,-29,18,-4,35,-4,-41,38,-26,33,42,32,-35,40,31,22,-20,16,8,-48,-49,12,16,32,29,9,24,-18,19,25,-48,24,20,-40,-20,17,-63,-13,-47,0,-13,-12,-24,-6,-22,17,-16,24,13,36,-31,23,-9,14,26,21,-39,30,-19,42,-48,19,-34,-10,-3,-49,-4,5,-13,-7,-16,-25,-3,16,-16,-7,-64,21,16,-57,-5,7,-44,-38,20,9,33,-46,0,11,-42,-29,-72,-15,-1,-19,-32,7,-10,23,-27,27,-25,28,4,-5,-6,-33,-22,-37,-4,-24,38,-17,20,-49,-6,11,24,-57,8,11,18,-49,-3,33,-45,7,-51,-26,34,-6,-46,-34,-3,21,46,12,-15,21,-15,-11,-3,34,5,-5,-1,-64,0,20,-29,24,-2,-62,32,16,-41,26,-29,-37,-38,-29,-9,-9,41,10,-27,23,5,-11,-26,15,-17,-47,42,37,-30,-36,-47,-37,-2,-23,40,-14,7,28,-53,32,-46,-44,35,14,-55,30,-41,-6,-21,12,31,-49,1,-25,-41,-23,35,29,7,24,5,-42,-61,4,-1,17,7,27,-15,6,-54,34,0,-31,-14,-18,-52,-3,-51,-14,-12,22,-16,25,44,-36,-10,-34,19,-15,29,35,-46,-55,-37,-17,2,38,-26,-11,-33,-8,-4,34,27,35,-14,-40,-33,-13,-15,-50,7,-17,-28,-28,46,6,-54,-16,18,22,11,-47,-3,18,2,30,-48,-49,28,-13,5,-37,6,-1,-35,1,15,-51,27,36,-10,32,41,-38,44
-9,-46,24,32,-44,38,-11,10,-53,28,-4,-37,-7,16,7,-7,-10,-8,-11,-3,-1,0,-19,-36,-38,-36,-19,-18,3,10,6,44,21,-53,38,-4,-27,8,-9,-46,-84,-46,32,-12,50,-12,17,67,19,-3,-33,-10,-30,18,-18,-48,25,52,-6,-19,40,15,-43,-79,-39,-32,-79,69,13,11,18,23,51,39,50,-38,-11,28,11,4,-48,-1,-17,19,17,19,-45,-18,-9,-38,-34,-31,-45,39,-37,-29,-21,-25,33,-37,-50,-13,-15,-30,0,33,51,-50,3,-36,-32,-30,18,-43,-26,47,-41,37,36,-28,44,16,43,-13,39,17,-14,-48,0,-44,31,-50,-45,-30,37,36,1,37,6,32,-27,-15,-7,-26,-8,26,34,-44,-7,-1,-19,10,18,-23,-50,-40,-25,46,2,-31,-23,40,-3,-16,-28,35,27,-8,-33,-7,-43,-8,7,28,32,4,14,-25,-50,-21,-23,7,30,13,-46,19,14,42,-44,6,-27,32,25,-7,-30,46,33,-14,-46,-10,-17,43,19,50,-43,-3,-19,-24,-4,25,-22,-16,-9,-14,41,-41,-48,33,5,44,8,69,-6,-24,-67,30,-45,-48,-7,-43,22,31,9,-5,-16,-26,-18,13,44,23,-32,22,-44,3,11,-34,14,-41,4,-28,39,-5,-41,1,-22,30,-8,-30,19,47,11,-52,-7,33,-37,-32,36,-51,-11,24,-5,36,-60,-18,1,8,33,-42,-22,0,-12,25,48,14,-24,50,10,-37,48,26,-17,27,-12,-16,-19,25,-27,-30,22,-31,-46,42,39,12,16,-1,-11,29,18,16,-16,31,30,65,0,-12,47,-17,30,47,29,-16,-18,-11,33,23,48,29,23,39,19,42,-53,43,-38,-24,-73,-32,-26,-36,-43,4,1,21,54,-23,13,-3,51,55,-41,-40,47,18,-2,2,-49,-48,44,-16,-38,33,24,-10,-42,1,-17,-38,1,28,-24,8,9,-22,-40,-19,10,-45,-8,23,-43,21,-35,-53,40,-17,-56,-25,22,-37,49,-14,-1,-43,37,49,46,-1,27,-13
-39,-17,40,-26,-22,20,19,-44,31,14,-42,48,1,51,31,17,-15,51,-40,7,30,42,-1,47,-31,-5,54,42,-23,38,20,8,11,9,-33,-22,22,-29,17,-52,-35,37,-32,66,-3,41,19,39,15,44,-44,-23,27,-42,36,-23,-17,8,-37,19,48,23,-45,-39,40,10,-36,48,46,-10,4,-44,32,29,-17,48,-33,1,-33,-37,7,-45,-27,2,-6,13,-25,-24,-24,-21,18,0,35,-47,46,-10,-50,-17,32,-20,-24,-11,45,50,25,-7,-41,48,-39,-2,45,11,-8,39,19,23,16,-49,29,12,-20,5,12,43,-6,-20,-40,35,8,-44,-37,-26,-19,-23,52,28,27,-16,-17,24,-30,-27,-22,-12,-14,40,-32,-32,48,-24,-25,-6,4,44,-11,-21,39,11,25,14,18,8,-19,11,37,31,28,-29,-22,9,15,66,-19,-44,-18,-1,8,23,-42,-14,31,41,-1,-1,-30,33,36,-38,-10,4,-18,-11,35,-45,-11,36,19,-26,-35,-18,-33,-17,0,49,38,2,-27,22,35,43,-27,54,-29,35,11,53,16,59,54,-31,-14,-11,-2,-31,-46,50,36,-20,-9,9,20,-7,20,-31,-25,36,-28,-19,30,18,-2,26,10,-41,57,-32,-43,-16,-15,-43,-31,52,-41,45,-12,6,11,0,-46,8,28,-15,19,-4,45,16,-42,-16,31,-42,46,40,-36,33,15,-14,15,-7,-34,-4,24,39,34,-24,10,31,10,45,-37,9,-31,38,41,43,49,31,-18,41,-38,-16,15,-30,-34,-41,-56,-18,-11,-34,32,-31,10,48,-17,28,-9,4,-23,31,-3,25,13,-51,-20,-28,29,-34,-58,25,27,-39,-7,29,-9,27,34,12,-55,-16,37,-4,15,-24,14,35,-36,36,-5,38,-10,23,3,2,-47,-39,-37,-31,38,-3,11,38,-46,24,-42,-47,48,20,-49,38,11,-40,-44,-43,42,48,24,0,27,-42,-3,-9,6,49,-19,8,-23,-34,52,39,-16,31,-38,0,-44,-53,-9,11,21,11,24,-4
-8,-31,31,9,43,-31,22,53,-39,-39,-27,34,52,-43,21,5,-13,-42,-22,22,-11,47,40,46,54,-25,1,-7,10,-29,7,-36,9,-24,-35,46,8,-16,0,-42,-6,-22,-30,31,-8,29,-15,37,-9,2,24,-9,29,15,20,-19,3,0,-12,14,-42,-97,-56,-73,-29,-23,-9,34,5,-23,50,-6,2,31,13,12,-28,5,-35,54,60,-26,17,59,-17,-40,1,-26,5,-34,28,48,-28,25,17,-34,28,38,33,-30,-33,46,-22,6,-29,16,43,-22,37,-30,35,18,6,24,-38,-29,4,45,44,32,-12,-42,-48,42,-42,-30,31,-44,47,26,10,31,1,-22,-37,40,-9,43,31,-33,41,-3,-17,-13,-24,2,-16,-21,-14,-8,-13,-16,6,9,39,22,-49,-19,43,-18,-50,-5,63,-41,-40,-58,33,-29,8,41,-11,10,-14,-42,-19,-10,-48,-28,-20,13,37,-14,25,-9,40,53,39,-47,19,39,22,36,41,2,-27,4,-3,15,-6,46,40,9,-3,41,-31,33,33,19,-46,45,-50,-25,-62,20,49,-4,38,38,17,10,-35,-43,37,44,37,2,-51,-44,7,-44,-20,39,14,-32,19,40,-41,4,37,33,49,-4,27,-14,38,12,46,19,29,37,-37,4,-9,-20,-16,-16,6,37,-38,-8,49,-19,28,-18,-30,59,-28,43,28,-4,13,12,25,-3,36,-42,-21,36,16,-1,15,13,-10,40,-1,-39,24,-18,37,32,2,-7,-29,13,37,46,-8,3,-7,-7,-2,36,26,-44,7,9,5,-18,49,-51,59,63,58,-4,23,6,48,19,-33,31,-37,-27,-35,32,31,-30,60,21,7,-27,-29,72,13,19,-35,11,-51,22,-43,5,-13,13,34,0,-21,-15,24,-49,3,-22,15,-29,-10,-1,-48,20,-35,5,-45,5,-17,44,-36,28,-50,-10,44,-14,42,-39,45,22,-24,31,-13,-35,-10,19,-16,-26,-22,19,-4,17,28,8,25,19,58,-16,-11,22,8,-24,38,-25,21,45,6,8
49,-16,-46,-45,-34,7,17,45,-34,-4,-9,12,43,34,-32,-10,-9,-50,44,30,-43,-3,-13,-21,-16,25,-13,-50,-15,-11,16,-44,32,-1,-40,22,-35,-52,-28,-52,25,-43,10,10,37,-21,28,-37,-28,47,-15,22,32,-13,-6,33,19,-32,-103,6,-6,71,21,-35,8,33,16,-2,78,2,-14,-33,-9,51,54,28,8,35,-34,-13,2,34,-11,37,-1,24,-28,41,-43,-43,25,4,-7,-37,7,31,7,-47,-18,-10,-37,-22,-44,-15,-36,-7,-37,49,10,5,48,-45,-26,30,-35,31,18,-47,36,31,-46,-42,-17,-39,-50,38,33,10,10,-17,23,5,-33,-14,-47,40,-49,-23,-17,-43,-32,-32,-27,-25,40,-23,11,-1,-29,1,36,-11,-35,-22,-54,0,-20,-23,12,36,18,-20,-10,32,-4,-39,-18,13,-31,17,-38,-53,-10,39,-26,-12,-28,-34,-44,1,-16,-4,4,23,1,12,-36,-9,-6,9,-16,32,22,-38,18,33,26,40,-37,21,8,-72,-16,13,22,48,37,-27,-6,44,-39,40,-31,21,70,-29,-5,-14,40,-3,-21,-26,34,-12,-32,17,-5,15,38,48,19,-40,6,2,40,34,-28,-6,-36,13,25,18,-35,-32,-42,-21,-34,39,29,11,30,37,-46,-15,-3,-10,24,28,40,-31,12,10,39,50,45,-32,-43,47,-11,45,22,47,18,32,10,8,25,-40,-24,50,-8,43,46,6,-21,33,-43,12,-44,-20,-32,6,25,11,-7,31,-21,-20,1,17,0,-71,-24,-47,17,46,23,10,53,-14,51,58,53,-36,46,9,-36,13,-37,39,3,-19,1,22,45,2,33,-22,-74,-44,-17,-9,3,-47,-36,19,7,-35,40,64,9,-37,28,40,-20,-17,31,26,-15,-23,-12,-17,-13,-29,-35,-45,-46,-52,-10,28,-45,25,-23,40,23,30,-11,37,-10,42,4,3,47,16,-41,-27,-4,55,-8,41,-37,-27,-24,16,-14,-26,-29,-41,-18,-7,-17,4,35,20,-25,10,43,17,-28,20
